customer_id,plan_type,tenure_months,monthly_charge,support_calls,late_payments,age,usage_hours,signup_date,contract,churn
C00001,standard,7.0,56.32,1,0,39.0,18.51,2021-01-01,monthly,0
C00002,basic,69.0,68.76,0,1,33.0,16.84,2021-01-01,monthly,0
C00003,premium,12.0,103.68,1,1,37.0,3.94,2021-01-01,2 year,1
C00004,standard,6.0,115.02,3,2,21.0,15.38,2021-01-01,monthly,1
C00005,basic,15.0,81.2,3,0,51.0,20.6,2021-01-01,1 year,1
C00006,premium,16.0,60.59,0,0,26.0,30.22,2021-01-02,1 year,0
C00007,standard,9.0,132.32,1,2,38.0,,2021-01-02,monthly,0
C00008,standard,22.0,59.31,1,0,49.0,25.88,2021-01-02,monthly,0
C00009,basic,5.0,55.72,0,1,51.0,9.54,2021-01-02,monthly,1
C00010,standard,9.0,25.63,2,2,20.0,17.11,2021-01-02,monthly,0
C00011,basic,17.0,104.9,3,1,40.0,26.55,2021-01-03,1 year,1
C00012,premium,13.0,94.21,1,0,47.0,11.79,2021-01-03,monthly,0
C00013,standard,26.0,,2,3,42.0,24.76,2021-01-03,2 year,1
C00014,premium,44.0,35.26,0,0,57.0,23.13,2021-01-03,monthly,0
C00015,basic,14.0,,1,1,31.0,19.92,2021-01-03,monthly,1
C00016,basic,54.0,71.75,4,0,18.0,15.7,2021-01-04,2 year,0
C00017,standard,6.0,90.15,3,0,51.0,11.1,2021-01-04,monthly,0
C00018,basic,42.0,28.81,1,2,35.0,30.43,2021-01-04,1 year,0
C00019,premium,5.0,,1,1,20.0,22.42,2021-01-04,,0
C00020,standard,23.0,89.66,0,0,39.0,20.38,2021-01-04,,0
C00021,standard,10.0,69.03,1,0,56.0,15.11,2021-01-05,monthly,0
C00022,basic,9.0,86.13,2,1,,18.27,2021-01-05,monthly,0
C00023,premium,63.0,50.86,0,1,69.0,19.15,2021-01-05,2 year,1
C00024,premium,30.0,55.51,1,2,31.0,20.8,2021-01-05,monthly,0
C00025,standard,15.0,58.41,0,1,42.0,23.14,2021-01-06,1 year,1
C00026,basic,1.0,23.68,0,0,26.0,12.52,2021-01-06,1 year,1
C00027,standard,3.0,91.54,1,1,41.0,7.73,2021-01-06,,1
C00028,basic,6.0,99.79,0,0,39.0,18.59,2021-01-06,1 year,1
C00029,basic,16.0,52.47,2,1,23.0,5.77,2021-01-06,2 year,1
C00030, Premium ,22.0,78.71,2,1,75.0,15.73,2021-01-07,monthly,1
C00031,standard,8.0,63.36,1,1,35.0,14.44,2021-01-07,1 year,1
C00032,premium,27.0,78.21,0,1,35.0,21.44,2021-01-07,1 year,0
C00033,basic,25.0,54.31,3,0,53.0,31.88,2021-01-07,monthly,0
C00034,basic,11.0,47.91,1,0,63.0,4.39,2021-01-07,2 year,0
C00035,standard,6.0,96.3,1,1,55.0,33.92,2021-01-08,monthly,0
C00036,basic,1.0,68.4,1,1,27.0,16.37,2021-01-08,monthly,1
C00037,basic,21.0,120.55,1,1,44.0,20.43,2021-01-08,2 year,0
C00038,standard,17.0,71.16,0,2,18.0,8.1,2021-01-08,2 year,1
C00039,basic,26.0,46.85,2,1,52.0,24.98,2021-01-08,monthly,0
C00040,standard,38.0,100.67,1,0,21.0,18.29,2021-01-09,1 year,0
C00041,basic,47.0,85.77,0,0,31.0,,2021-01-09,monthly,0
C00042,premium,33.0,88.17,1,2,41.0,4.44,2021-01-09,monthly,1
C00043,standard,12.0,99.77,1,1,46.0,18.52,2021-01-09,monthly,1
C00044,basic,15.0,53.68,2,0,38.0,23.92,2021-01-09,2 year,0
C00045,premium,32.0,66.82,0,1,59.0,,2021-01-10,monthly,0
C00046,premium,9.0,65.71,2,0,50.0,26.22,2021-01-10,monthly,0
C00047,basic,9.0,37.73,2,1,49.0,25.93,2021-01-10,1 year,0
C00048,basic,28.0,63.41,1,0,26.0,13.51,2021-01-10,monthly,0
C00049,standard,49.0,103.41,1,1,61.0,29.17,2021-01-11,monthly,0
C00050,basic,32.0,,1,2,31.0,18.32,2021-01-11,monthly,1
C00051,basic,29.0,36.35,2,0,62.0,18.35,2021-01-11,1 year,1
C00052,basic,16.0,31.1,5,1,65.0,18.69,2021-01-11,1 year,1
C00053,standard,8.0,111.62,1,0,47.0,18.49,2021-01-11,1 year,0
C00054,standard,26.0,67.74,1,2,53.0,0.5,2021-01-12,monthly,0
C00055, Premium ,44.0,53.81,0,0,18.0,16.7,2021-01-12,monthly,0
C00056,standard,13.0,63.15,1,0,39.0,8.45,2021-01-12,1 year,1
C00057,standard,10.0,33.07,2,1,54.0,29.38,2021-01-12,monthly,0
C00058,standard,10.0,105.58,1,1,52.0,29.1,2021-01-12,monthly,0
C00059,basic,22.0,60.17,2,0,26.0,23.96,2021-01-13,monthly,0
C00060,basic,36.0,104.19,0,1,37.0,16.33,2021-01-13,monthly,0
C00061,standard,2.0,71.29,1,0,18.0,10.94,2021-01-13,monthly,0
C00062,standard,18.0,105.74,0,0,46.0,13.4,2021-01-13,2 year,1
C00063,standard,5.0,76.42,1,0,18.0,31.6,2021-01-13,monthly,0
C00064,standard,55.0,91.33,1,0,55.0,13.15,2021-01-14,1 year,0
C00065,standard,19.0,87.98,1,1,55.0,1.51,2021-01-14,monthly,1
C00066,standard,12.0,85.58,1,4,35.0,25.21,2021-01-14,1 year,1
C00067,standard,20.0,78.7,0,0,47.0,28.5,2021-01-14,1 year,0
C00068,basic,4.0,64.18,1,0,38.0,29.61,2021-01-14,2 year,1
C00069,basic,6.0,117.89,2,1,44.0,25.27,2021-01-15,monthly,1
C00070,basic,17.0,47.33,0,0,27.0,26.41,2021-01-15,1 year,0
C00071,basic,28.0,70.11,0,0,48.0,18.37,2021-01-15,monthly,0
C00072,basic,1.0,70.37,0,0,21.0,,2021-01-15,1 year,1
C00073,premium,37.0,,1,2,-1.0,18.2,2021-01-16,2 year,1
C00074,basic,13.0,59.26,3,1,40.0,22.35,2021-01-16,1 year,1
C00075,basic,29.0,77.87,1,0,,17.05,2021-01-16,1 year,1
C00076,basic,22.0,65.78,1,0,,,2021-01-16,2 year,0
C00077,basic,51.0,30.45,1,1,33.0,11.25,2021-01-16,2 year,1
C00078,standard,22.0,70.24,1,0,64.0,10.99,2021-01-17,monthly,1
C00079,standard,36.0,42.49,1,1,43.0,30.87,2021-01-17,monthly,1
C00080,standard,11.0,26.64,2,0,44.0,31.12,2021-01-17,1 year,0
C00081,standard,4.0,73.42,1,2,43.0,17.98,2021-01-17,2 year,1
C00082,basic,32.0,82.2,0,1,53.0,19.97,2021-01-17,monthly,0
C00083,premium,4.0,83.17,3,2,48.0,11.13,2021-01-18,monthly,1
C00084,basic,28.0,84.18,2,0,46.0,22.5,2021-01-18,1 year,0
C00085,basic,7.0,21.69,2,1,50.0,,2021-01-18,monthly,1
C00086,basic,20.0,,3,0,19.0,,2021-01-18,monthly,0
C00087,standard,52.0,119.34,3,4,20.0,21.25,2021-01-18,monthly,1
C00088,standard,26.0,43.82,0,1,40.0,21.77,2021-01-19,monthly,1
C00089,basic,14.0,85.27,2,1,39.0,,2021-01-19,1 year,0
C00090,standard,23.0,52.83,0,2,48.0,29.5,2021-01-19,monthly,0
C00091,basic,11.0,71.99,1,0,41.0,32.25,2021-01-19,monthly,0
C00092,standard,64.0,54.17,1,0,48.0,16.37,2021-01-19,1 year,0
C00093,basic,9.0,84.04,3,0,,22.71,2021-01-20,monthly,1
C00094,basic,15.0,73.42,3,0,41.0,18.59,2021-01-20,monthly,0
C00095,basic,25.0,58.79,2,1,25.0,13.58,2021-01-20,monthly,1
C00096,standard,22.0,43.75,1,1,46.0,19.9,2021-01-20,monthly,1
C00097,basic,23.0,76.69,1,0,18.0,22.7,2021-01-21,1 year,1
C00098,basic,11.0,39.68,1,1,45.0,19.52,2021-01-21,,1
C00099,basic,14.0,80.69,3,0,,11.83,2021-01-21,monthly,0
C00100,premium,31.0,135.66,0,0,36.0,,2021-01-21,monthly,0
C00101,premium,30.0,103.75,2,0,52.0,14.81,2021-01-21,monthly,0
C00102,standard,22.0,87.96,0,1,44.0,12.1,2021-01-22,monthly,0
C00103, Premium ,39.0,67.86,0,0,21.0,20.19,2021-01-22,monthly,0
C00104,premium,32.0,21.53,0,1,33.0,20.93,2021-01-22,monthly,0
C00105,standard,29.0,36.94,3,1,-1.0,,2021-01-22,monthly,1
C00106,standard,4.0,102.07,3,1,21.0,12.0,2021-01-22,2 year,1
C00107,basic,22.0,50.26,2,0,42.0,13.96,2021-01-23,monthly,1
C00108,basic,19.0,52.52,1,2,48.0,28.88,2021-01-23,monthly,1
C00109,basic,42.0,65.86,1,1,46.0,16.85,2021-01-23,1 year,0
C00110,premium,15.0,43.45,0,2,48.0,18.21,2021-01-23,monthly,0
C00111,standard,18.0,39.33,0,0,41.0,16.77,2021-01-23,1 year,1
C00112,basic,7.0,68.74,1,0,38.0,25.93,2021-01-24,monthly,0
C00113,basic,8.0,47.71,1,1,28.0,26.2,2021-01-24,monthly,1
C00114,standard,42.0,51.47,2,0,36.0,25.79,2021-01-24,2 year,0
C00115,basic,23.0,50.47,2,2,25.0,18.19,2021-01-24,monthly,1
C00116,premium,52.0,83.06,2,1,-1.0,11.89,2021-01-24,monthly,1
C00117, Premium ,15.0,64.2,1,1,42.0,31.48,2021-01-25,1 year,1
C00118,standard,5.0,65.54,2,0,40.0,23.99,2021-01-25,2 year,1
C00119,basic,13.0,84.92,0,1,78.0,14.8,2021-01-25,monthly,0
C00120,standard,11.0,,0,1,,27.97,2021-01-25,1 year,0
C00121,standard,27.0,63.04,0,5,39.0,14.25,2021-01-26,monthly,1
C00122,standard,26.0,81.76,0,0,24.0,27.87,2021-01-26,1 year,0
C00123,basic,24.0,86.7,2,4,36.0,28.35,2021-01-26,monthly,1
C00124,basic,62.0,66.32,1,4,37.0,11.55,2021-01-26,1 year,1
C00125,basic,38.0,72.02,1,1,51.0,22.07,2021-01-26,monthly,1
C00126,standard,8.0,50.46,1,1,36.0,,2021-01-27,1 year,1
C00127,basic,32.0,48.48,3,0,-1.0,36.3,2021-01-27,monthly,0
C00128,basic,17.0,89.23,1,0,,12.8,2021-01-27,1 year,0
C00129,basic,14.0,81.12,4,1,24.0,28.03,2021-01-27,1 year,1
C00130,standard,41.0,81.38,2,3,33.0,18.12,2021-01-27,2 year,0
C00131,basic,8.0,77.02,0,0,36.0,9.31,2021-01-28,2 year,1
C00132,premium,31.0,71.16,0,2,42.0,17.16,2021-01-28,monthly,0
C00133,standard,28.0,87.41,1,2,48.0,18.02,2021-01-28,1 year,1
C00134, Premium ,8.0,93.38,0,3,38.0,,2021-01-28,monthly,1
C00135,standard,4.0,92.78,0,0,38.0,20.19,2021-01-28,2 year,1
C00136,basic,16.0,67.48,1,0,,24.7,2021-01-29,1 year,1
C00137,premium,35.0,104.67,0,2,47.0,19.67,2021-01-29,monthly,0
C00138,standard,22.0,75.71,1,1,33.0,14.21,2021-01-29,monthly,1
C00139,standard,41.0,85.81,3,0,50.0,16.96,2021-01-29,1 year,0
C00140,basic,21.0,77.05,1,1,57.0,,2021-01-29,2 year,1
C00141,standard,43.0,,1,0,39.0,19.52,2021-01-30,2 year,0
C00142,standard,11.0,51.61,0,1,29.0,25.77,2021-01-30,1 year,0
C00143,premium,24.0,87.53,1,2,41.0,19.9,2021-01-30,monthly,0
C00144,standard,12.0,141.13,0,1,45.0,8.18,2021-01-30,2 year,0
C00145,standard,15.0,60.63,1,1,37.0,14.06,2021-01-31,1 year,0
C00146,basic,18.0,71.77,0,0,34.0,19.16,2021-01-31,1 year,1
C00147,basic,22.0,58.84,0,1,48.0,25.87,2021-01-31,1 year,0
C00148,standard,9.0,57.8,0,1,47.0,27.08,2021-01-31,1 year,1
C00149,basic,23.0,108.61,0,1,37.0,30.42,2021-01-31,1 year,0
C00150,basic,17.0,53.18,3,0,21.0,,2021-02-01,1 year,1
C00151,premium,5.0,58.15,2,1,46.0,23.34,2021-02-01,2 year,0
C00152,premium,3.0,,0,1,32.0,7.82,2021-02-01,2 year,0
C00153,basic,35.0,51.06,2,2,44.0,21.01,2021-02-01,monthly,1
C00154,standard,15.0,27.29,1,1,43.0,10.47,2021-02-01,monthly,1
C00155,basic,4.0,85.8,1,4,18.0,,2021-02-02,1 year,1
C00156,standard,48.0,139.99,2,1,42.0,39.21,2021-02-02,1 year,0
C00157,basic,25.0,60.83,0,2,47.0,20.12,2021-02-02,1 year,1
C00158,standard,21.0,28.33,2,0,49.0,11.95,2021-02-02,2 year,0
C00159,standard,9.0,92.5,1,1,42.0,20.85,2021-02-02,monthly,1
C00160,standard,5.0,51.83,3,1,18.0,14.38,2021-02-03,monthly,0
C00161,basic,19.0,102.48,1,0,56.0,11.27,2021-02-03,2 year,1
C00162,premium,17.0,377.70000000000005,2,0,46.0,32.72,2021-02-03,2 year,1
C00163,basic,7.0,54.2,2,0,27.0,25.47,2021-02-03,monthly,1
C00164,basic,7.0,65.55,3,1,32.0,20.42,2021-02-03,monthly,1
C00165,standard,6.0,88.94,4,1,44.0,15.26,2021-02-04,monthly,1
C00166,basic,6.0,64.31,3,0,49.0,15.82,2021-02-04,monthly,1
C00167,premium,10.0,57.58,2,2,35.0,,2021-02-04,1 year,1
C00168,premium,21.0,65.03,2,0,51.0,20.15,2021-02-04,monthly,0
C00169,basic,24.0,38.2,0,2,19.0,0.5,2021-02-05,,0
C00170,premium,16.0,79.93,2,1,28.0,34.95,2021-02-05,1 year,0
C00171,basic,18.0,25.33,1,1,18.0,,2021-02-05,1 year,1
C00172,standard,24.0,58.9,3,2,30.0,20.4,2021-02-05,1 year,1
C00173,basic,2.0,88.98,2,1,59.0,,2021-02-05,monthly,1
C00174,premium,20.0,77.58,1,0,66.0,21.26,2021-02-06,monthly,0
C00175, Premium ,39.0,84.76,3,0,44.0,23.23,2021-02-06,monthly,0
C00176,basic,15.0,68.37,0,0,33.0,15.03,2021-02-06,2 year,0
C00177,basic,34.0,99.24,2,1,38.0,9.39,2021-02-06,monthly,0
C00178,premium,15.0,93.12,0,1,47.0,19.96,2021-02-06,1 year,0
C00179,premium,26.0,81.15,1,1,22.0,28.02,2021-02-07,1 year,0
C00180, Premium ,21.0,93.19,1,1,34.0,13.47,2021-02-07,2 year,0
C00181,premium,6.0,88.76,1,0,58.0,12.9,2021-02-07,monthly,0
C00182,premium,8.0,59.01,1,2,28.0,26.55,2021-02-07,monthly,0
C00183,standard,43.0,36.4,2,0,32.0,14.8,2021-02-07,2 year,0
C00184,basic,29.0,80.51,0,0,41.0,15.13,2021-02-08,monthly,1
C00185,standard,16.0,83.65,2,2,44.0,15.39,2021-02-08,1 year,1
C00186,standard,14.0,,0,0,33.0,17.55,2021-02-08,monthly,1
C00187,basic,9.0,46.59,0,0,42.0,6.98,2021-02-08,2 year,1
C00188,basic,22.0,47.34,2,2,48.0,14.22,2021-02-08,1 year,1
C00189,standard,9.0,81.5,2,2,,19.61,2021-02-09,monthly,1
C00190,basic,13.0,68.22,1,0,,19.56,2021-02-09,2 year,0
C00191,premium,10.0,22.86,2,1,41.0,,2021-02-09,1 year,0
C00192,basic,28.0,79.38,2,1,59.0,30.88,2021-02-09,1 year,1
C00193,basic,15.0,23.69,1,0,34.0,28.59,2021-02-10,monthly,0
C00194,premium,19.0,46.37,2,1,25.0,24.4,2021-02-10,monthly,0
C00195,basic,6.0,103.79,0,0,44.0,16.96,2021-02-10,,0
C00196,basic,10.0,115.62,3,1,54.0,13.64,2021-02-10,monthly,1
C00197,standard,19.0,39.61,6,0,45.0,18.13,2021-02-10,2 year,0
C00198,premium,4.0,370.62,1,3,40.0,22.1,2021-02-11,monthly,0
C00199,basic,14.0,71.07,2,0,24.0,,2021-02-11,1 year,1
C00200,basic,17.0,687.1800000000001,0,0,40.0,22.36,2021-02-11,monthly,0
C00201,standard,6.0,57.68,5,1,56.0,17.15,2021-02-11,1 year,1
C00202,premium,33.0,58.08,1,1,26.0,,2021-02-11,monthly,0
C00203,standard,21.0,108.72,1,0,38.0,26.83,2021-02-12,monthly,0
C00204,basic,15.0,60.63,3,0,36.0,24.16,2021-02-12,monthly,0
C00205,basic,10.0,88.06,1,0,33.0,17.78,2021-02-12,1 year,1
C00206,basic,4.0,33.07,1,0,44.0,12.16,2021-02-12,monthly,0
C00207,basic,31.0,65.72,2,1,46.0,12.0,2021-02-12,1 year,0
C00208,standard,12.0,28.51,0,0,46.0,13.23,2021-02-13,monthly,0
C00209,basic,5.0,43.61,1,0,29.0,19.8,2021-02-13,1 year,1
C00210,standard,9.0,90.98,0,1,21.0,21.64,2021-02-13,1 year,1
C00211,standard,23.0,68.75,2,1,44.0,8.1,2021-02-13,monthly,0
C00212,standard,20.0,62.02,2,2,35.0,14.47,2021-02-13,monthly,1
C00213,basic,7.0,51.28,1,2,63.0,19.7,2021-02-14,monthly,0
C00214,premium,35.0,64.48,1,0,64.0,11.7,2021-02-14,1 year,0
C00215,standard,5.0,77.53,1,0,,21.04,2021-02-14,2 year,0
C00216,standard,40.0,94.57,1,0,30.0,15.85,2021-02-14,monthly,0
C00217,basic,19.0,15.0,1,1,48.0,12.94,2021-02-15,1 year,1
C00218,basic,13.0,49.21,2,0,51.0,,2021-02-15,1 year,1
C00219,premium,14.0,73.98,0,0,,20.75,2021-02-15,1 year,0
C00220,basic,18.0,67.53,0,3,37.0,12.06,2021-02-15,1 year,1
C00221,basic,24.0,80.08,1,0,56.0,16.3,2021-02-15,2 year,0
C00222,standard,3.0,76.69,2,2,41.0,21.27,2021-02-16,,1
C00223,standard,9.0,62.38,2,1,43.0,12.67,2021-02-16,2 year,1
C00224,premium,17.0,,1,2,23.0,,2021-02-16,monthly,1
C00225,basic,36.0,63.86,1,1,49.0,7.24,2021-02-16,2 year,0
C00226,premium,35.0,98.72,2,0,38.0,15.07,2021-02-16,2 year,0
C00227,basic,45.0,51.7,6,1,47.0,8.77,2021-02-17,2 year,1
C00228,standard,34.0,68.43,2,0,44.0,15.57,2021-02-17,,0
C00229,standard,9.0,74.58,1,0,43.0,,2021-02-17,2 year,0
C00230,basic,17.0,109.01,1,1,40.0,8.35,2021-02-17,monthly,0
C00231,basic,34.0,62.49,1,0,50.0,16.02,2021-02-17,1 year,0
C00232,basic,32.0,93.97,0,2,39.0,32.93,2021-02-18,monthly,0
C00233,premium,14.0,100.8,4,1,24.0,,2021-02-18,1 year,1
C00234,standard,24.0,68.41,2,2,48.0,15.43,2021-02-18,monthly,1
C00235,premium,12.0,64.73,1,1,31.0,16.9,2021-02-18,monthly,0
C00236,premium,4.0,61.77,2,0,25.0,21.01,2021-02-18,monthly,0
C00237,standard,15.0,63.6,2,0,29.0,29.87,2021-02-19,monthly,0
C00238,standard,15.0,91.36,1,0,44.0,14.28,2021-02-19,monthly,0
C00239,basic,11.0,75.78,0,1,40.0,12.7,2021-02-19,2 year,1
C00240,basic,24.0,75.88,1,1,18.0,8.35,2021-02-19,1 year,1
C00241,premium,14.0,,0,0,36.0,18.72,2021-02-20,1 year,0
C00242,standard,22.0,45.81,1,0,55.0,8.16,2021-02-20,2 year,1
C00243,basic,28.0,123.59,2,0,36.0,14.75,2021-02-20,monthly,0
C00244,standard,67.0,65.55,1,2,39.0,11.64,2021-02-20,1 year,0
C00245,standard,16.0,50.63,1,2,54.0,25.52,2021-02-20,1 year,0
C00246,premium,36.0,105.78,1,0,51.0,,2021-02-21,monthly,0
C00247,standard,20.0,77.05,1,0,53.0,20.78,2021-02-21,1 year,0
C00248,basic,21.0,84.45,0,2,18.0,6.77,2021-02-21,1 year,1
C00249,basic,16.0,66.55,3,1,,18.92,2021-02-21,1 year,1
C00250,basic,19.0,62.03,0,1,49.0,9.58,2021-02-21,1 year,1
C00251,standard,14.0,65.76,1,1,71.0,15.02,2021-02-22,monthly,0
C00252,premium,32.0,35.43,3,0,32.0,33.48,2021-02-22,1 year,0
C00253,standard,9.0,67.8,2,1,20.0,24.53,2021-02-22,monthly,1
C00254,basic,4.0,77.4,1,2,41.0,17.1,2021-02-22,2 year,1
C00255,basic,11.0,116.26,2,0,38.0,40.39,2021-02-22,monthly,1
C00256,standard,10.0,72.15,2,3,49.0,11.59,2021-02-23,monthly,1
C00257,premium,11.0,15.0,1,2,54.0,,2021-02-23,monthly,0
C00258,basic,15.0,67.65,1,0,40.0,7.27,2021-02-23,monthly,1
C00259,basic,11.0,138.49,2,0,38.0,,2021-02-23,monthly,1
C00260,standard,15.0,91.66,0,2,47.0,8.57,2021-02-23,monthly,1
C00261,basic,11.0,49.73,2,1,38.0,19.8,2021-02-24,1 year,1
C00262,premium,22.0,84.78,0,0,37.0,18.39,2021-02-24,2 year,0
C00263,basic,66.0,51.45,2,0,53.0,15.85,2021-02-24,monthly,0
C00264,basic,19.0,36.15,0,0,56.0,25.64,2021-02-24,1 year,0
C00265,premium,11.0,61.29,1,0,54.0,14.03,2021-02-25,2 year,1
C00266,basic,1.0,72.29,0,0,39.0,20.29,2021-02-25,monthly,0
C00267,basic,53.0,23.2,0,0,18.0,23.74,2021-02-25,2 year,0
C00268,basic,20.0,41.27,2,2,39.0,7.62,2021-02-25,monthly,1
C00269,basic,15.0,70.26,2,0,,12.76,2021-02-25,monthly,0
C00270,basic,1.0,59.8,2,1,39.0,18.38,2021-02-26,monthly,1
C00271,basic,15.0,79.87,3,1,33.0,22.41,2021-02-26,monthly,1
C00272,basic,18.0,39.63,1,0,-1.0,27.95,2021-02-26,1 year,1
C00273,basic,11.0,87.85,2,0,29.0,16.49,2021-02-26,2 year,0
C00274,standard,5.0,40.41,1,5,26.0,15.78,2021-02-26,monthly,1
C00275,standard,5.0,111.07,0,1,56.0,11.89,2021-02-27,2 year,0
C00276,basic,53.0,,3,1,29.0,20.31,2021-02-27,monthly,1
C00277,basic,18.0,42.69,1,2,41.0,15.92,2021-02-27,monthly,0
C00278,standard,11.0,80.43,3,0,52.0,16.08,2021-02-27,2 year,1
C00279,premium,17.0,111.61,1,0,52.0,17.34,2021-02-27,2 year,0
C00280,premium,16.0,77.88,1,2,51.0,21.86,2021-02-28,1 year,1
C00281,basic,5.0,84.07,2,1,45.0,14.05,2021-02-28,,1
C00282,basic,31.0,70.44,1,0,50.0,12.59,2021-02-28,monthly,1
C00283,basic,15.0,44.34,0,1,57.0,21.02,2021-02-28,monthly,0
C00284,basic,18.0,57.75,2,0,46.0,0.5,2021-02-28,1 year,1
C00285,standard,42.0,39.7,0,0,19.0,13.77,2021-03-01,monthly,0
C00286,basic,5.0,38.03,1,1,35.0,9.94,2021-03-01,1 year,0
C00287,basic,9.0,80.04,1,0,49.0,26.42,2021-03-01,monthly,1
C00288,basic,21.0,41.92,0,2,33.0,14.91,2021-03-01,,1
C00289,standard,30.0,77.99,1,0,60.0,14.07,2021-03-02,monthly,1
C00290,basic,10.0,37.45,0,1,40.0,17.66,2021-03-02,1 year,1
C00291,premium,11.0,77.41,2,1,42.0,,2021-03-02,1 year,1
C00292,basic,26.0,57.78,0,0,54.0,15.18,2021-03-02,2 year,0
C00293,premium,63.0,105.17,5,0,39.0,18.68,2021-03-02,2 year,0
C00294,basic,18.0,78.09,1,1,,15.05,2021-03-03,1 year,1
C00295,premium,9.0,100.89,3,0,52.0,15.0,2021-03-03,monthly,0
C00296,premium,7.0,51.11,2,1,23.0,10.93,2021-03-03,2 year,1
C00297,premium,15.0,71.4,2,0,38.0,9.92,2021-03-03,2 year,0
C00298,premium,29.0,45.47,3,2,51.0,18.42,2021-03-03,2 year,0
C00299,standard,72.0,59.66,2,2,42.0,20.15,2021-03-04,monthly,0
C00300,standard,13.0,63.45,0,0,59.0,8.0,2021-03-04,monthly,0
C00301,standard,18.0,51.85,4,0,22.0,23.32,2021-03-04,1 year,0
C00302,basic,48.0,39.61,2,0,21.0,23.35,2021-03-04,monthly,0
C00303,standard,21.0,34.66,0,2,50.0,24.82,2021-03-04,monthly,0
C00304,standard,20.0,15.0,1,0,51.0,20.1,2021-03-05,monthly,0
C00305,premium,42.0,43.59,2,0,39.0,22.46,2021-03-05,1 year,0
C00306,standard,18.0,85.69,2,0,46.0,33.3,2021-03-05,monthly,0
C00307,basic,7.0,30.04,0,1,50.0,15.89,2021-03-05,1 year,0
C00308,standard,37.0,35.8,1,2,31.0,10.68,2021-03-05,1 year,0
C00309,basic,4.0,,2,1,33.0,7.26,2021-03-06,1 year,1
C00310,basic,33.0,54.09,3,1,43.0,30.29,2021-03-06,monthly,1
C00311,standard,17.0,78.03,1,0,52.0,30.38,2021-03-06,2 year,0
C00312,basic,13.0,86.06,0,1,27.0,11.53,2021-03-06,monthly,1
C00313,basic,13.0,86.56,1,1,39.0,12.91,2021-03-07,monthly,1
C00314,basic,15.0,31.94,0,2,38.0,15.73,2021-03-07,monthly,1
C00315,basic,12.0,64.22,1,0,46.0,26.57,2021-03-07,monthly,1
C00316,basic,23.0,29.54,1,1,41.0,8.99,2021-03-07,1 year,0
C00317,basic,12.0,131.16,1,1,34.0,4.23,2021-03-07,monthly,1
C00318,standard,17.0,30.13,2,0,56.0,33.17,2021-03-08,2 year,0
C00319,basic,2.0,43.8,1,1,35.0,20.19,2021-03-08,monthly,1
C00320,premium,17.0,,1,1,37.0,21.18,2021-03-08,2 year,1
C00321,premium,12.0,32.58,1,0,22.0,16.56,2021-03-08,1 year,0
C00322,standard,31.0,103.81,2,0,32.0,21.26,2021-03-08,monthly,0
C00323,basic,14.0,130.56,1,3,47.0,,2021-03-09,1 year,1
C00324,standard,28.0,58.11,0,1,45.0,12.11,2021-03-09,monthly,0
C00325,premium,26.0,36.99,2,1,48.0,18.74,2021-03-09,2 year,1
C00326,standard,27.0,15.0,2,1,-1.0,2.1,2021-03-09,1 year,1
C00327,premium,14.0,63.9,1,0,66.0,15.88,2021-03-09,1 year,1
C00328,standard,18.0,62.09,0,1,32.0,15.45,2021-03-10,monthly,1
C00329,standard,22.0,53.72,1,0,22.0,15.88,2021-03-10,2 year,0
C00330,basic,18.0,75.53,5,2,28.0,14.14,2021-03-10,1 year,1
C00331,standard,14.0,79.88,3,1,33.0,11.03,2021-03-10,1 year,1
C00332,basic,8.0,78.08,2,0,29.0,5.25,2021-03-10,monthly,0
C00333,standard,17.0,62.1,2,0,42.0,19.01,2021-03-11,monthly,0
C00334,premium,4.0,42.46,1,1,56.0,15.9,2021-03-11,1 year,0
C00335,basic,2.0,86.65,0,0,59.0,8.37,2021-03-11,1 year,1
C00336,standard,6.0,70.31,0,1,47.0,18.44,2021-03-11,2 year,0
C00337,basic,26.0,92.21,0,2,67.0,15.94,2021-03-12,1 year,1
C00338,standard,20.0,89.75,3,0,37.0,14.77,2021-03-12,1 year,1
C00339,basic,26.0,34.46,3,1,21.0,2.9,2021-03-12,monthly,0
C00340,premium,10.0,34.14,0,0,54.0,22.78,2021-03-12,1 year,0
C00341,basic,33.0,51.11,2,0,19.0,9.37,2021-03-12,,0
C00342,premium,5.0,43.59,1,0,32.0,18.44,2021-03-13,2 year,0
C00343,premium,7.0,88.88,0,0,47.0,12.34,2021-03-13,monthly,0
C00344,standard,33.0,78.78,2,2,40.0,15.28,2021-03-13,1 year,1
C00345,standard,19.0,97.48,2,1,39.0,26.07,2021-03-13,2 year,0
C00346,standard,27.0,79.91,4,0,27.0,21.72,2021-03-13,1 year,0
C00347,premium,20.0,75.22,0,0,41.0,25.91,2021-03-14,,0
C00348,basic,11.0,99.99,0,1,53.0,20.31,2021-03-14,1 year,1
C00349,standard,6.0,81.74,2,1,,20.77,2021-03-14,monthly,1
C00350,basic,3.0,71.7,0,3,31.0,5.53,2021-03-14,monthly,1
C00351,standard,50.0,107.01,1,0,,15.78,2021-03-14,1 year,1
C00352,basic,4.0,72.88,0,3,31.0,16.43,2021-03-15,2 year,0
C00353,standard,41.0,62.39,4,0,46.0,26.57,2021-03-15,monthly,0
C00354,standard,18.0,49.05,2,2,45.0,14.46,2021-03-15,2 year,1
C00355,standard,20.0,87.58,3,1,-1.0,19.85,2021-03-15,monthly,1
C00356,standard,19.0,,4,1,,19.58,2021-03-15,2 year,0
C00357,standard,24.0,68.74,4,0,46.0,26.1,2021-03-16,1 year,1
C00358,standard,9.0,102.7,0,3,30.0,17.06,2021-03-16,2 year,1
C00359,standard,2.0,20.75,0,0,49.0,23.79,2021-03-16,,1
C00360,standard,11.0,68.61,3,0,32.0,6.07,2021-03-16,2 year,0
C00361,premium,23.0,69.0,2,3,29.0,,2021-03-17,1 year,0
C00362,basic,7.0,51.83,0,1,43.0,2.02,2021-03-17,monthly,1
C00363,basic,34.0,129.6,1,0,69.0,23.5,2021-03-17,monthly,1
C00364,basic,15.0,68.35,1,2,50.0,,2021-03-17,1 year,1
C00365,standard,6.0,59.81,0,0,43.0,24.28,2021-03-17,monthly,0
C00366,basic,19.0,70.65,0,2,45.0,13.26,2021-03-18,2 year,0
C00367,standard,23.0,19.93,4,1,20.0,14.06,2021-03-18,,1
C00368,standard,24.0,51.0,1,2,28.0,17.15,2021-03-18,2 year,1
C00369,basic,33.0,94.58,2,1,18.0,28.11,2021-03-18,monthly,0
C00370,premium,4.0,54.28,1,0,62.0,29.86,2021-03-18,2 year,0
C00371,standard,33.0,49.28,1,0,,23.56,2021-03-19,2 year,1
C00372,basic,35.0,102.74,0,1,46.0,20.32,2021-03-19,monthly,1
C00373, Premium ,6.0,103.51,3,0,43.0,27.35,2021-03-19,1 year,1
C00374,basic,7.0,82.92,4,1,22.0,16.21,2021-03-19,monthly,1
C00375,basic,28.0,58.62,4,2,38.0,15.26,2021-03-19,2 year,1
C00376,basic,12.0,64.01,2,0,63.0,17.1,2021-03-20,2 year,1
C00377,premium,38.0,49.9,0,1,43.0,11.15,2021-03-20,monthly,0
C00378,basic,45.0,45.13,3,0,34.0,16.77,2021-03-20,monthly,0
C00379,basic,6.0,43.89,2,3,20.0,10.18,2021-03-20,monthly,1
C00380,standard,9.0,54.55,3,2,58.0,25.18,2021-03-20,monthly,1
C00381,standard,18.0,44.13,3,2,40.0,21.81,2021-03-21,2 year,1
C00382,premium,2.0,30.91,2,0,20.0,28.01,2021-03-21,monthly,0
C00383,standard,3.0,75.49,3,1,30.0,,2021-03-21,2 year,1
C00384,standard,8.0,75.86,1,0,-1.0,31.31,2021-03-21,,0
C00385,basic,55.0,112.52,1,0,39.0,6.99,2021-03-22,2 year,0
C00386,premium,20.0,53.29,3,1,43.0,9.61,2021-03-22,1 year,1
C00387,standard,10.0,77.4,1,0,-1.0,13.65,2021-03-22,monthly,0
C00388,premium,7.0,77.82,1,0,50.0,27.15,2021-03-22,2 year,0
C00389,basic,6.0,63.65,3,0,42.0,19.58,2021-03-22,1 year,1
C00390,premium,11.0,88.61,1,1,54.0,16.29,2021-03-23,2 year,0
C00391,standard,10.0,89.38,1,0,37.0,12.45,2021-03-23,monthly,1
C00392,basic,14.0,,2,1,78.0,8.37,2021-03-23,monthly,1
C00393,standard,23.0,63.61,0,0,34.0,,2021-03-23,,0
C00394,standard,16.0,61.06,1,2,30.0,23.59,2021-03-23,2 year,0
C00395,basic,29.0,35.81,1,2,29.0,27.47,2021-03-24,monthly,1
C00396,standard,13.0,49.85,3,2,38.0,20.78,2021-03-24,1 year,1
C00397,premium,47.0,54.45,0,1,20.0,0.5,2021-03-24,monthly,1
C00398,basic,28.0,41.9,3,2,45.0,9.29,2021-03-24,1 year,1
C00399,standard,20.0,81.0,1,0,18.0,21.25,2021-03-24,monthly,1
C00400,basic,24.0,99.92,2,2,43.0,15.41,2021-03-25,monthly,1
C00401,basic,11.0,47.3,1,0,25.0,14.09,2021-03-25,monthly,0
C00402,premium,14.0,77.09,1,1,36.0,,2021-03-25,monthly,0
C00403,standard,13.0,44.15,3,1,48.0,24.63,2021-03-25,monthly,1
C00404,basic,9.0,62.38,2,0,69.0,21.19,2021-03-25,monthly,1
C00405,premium,5.0,52.74,0,1,28.0,21.51,2021-03-26,monthly,0
C00406,premium,24.0,85.05,1,2,39.0,13.56,2021-03-26,1 year,0
C00407,basic,32.0,53.03,0,1,-1.0,19.23,2021-03-26,1 year,0
C00408,premium,22.0,95.29,0,1,31.0,8.64,2021-03-26,1 year,1
C00409,basic,16.0,63.86,0,2,32.0,17.09,2021-03-27,monthly,1
C00410,premium,61.0,53.76,2,1,51.0,,2021-03-27,monthly,0
C00411,standard,10.0,38.67,1,1,35.0,7.02,2021-03-27,2 year,1
C00412,standard,20.0,76.33,1,1,68.0,15.74,2021-03-27,2 year,0
C00413,basic,35.0,92.38,3,0,46.0,34.63,2021-03-27,,0
C00414,premium,7.0,76.83,1,3,29.0,5.39,2021-03-28,2 year,0
C00415,basic,26.0,125.97,1,0,37.0,9.29,2021-03-28,1 year,1
C00416,basic,49.0,105.74,4,1,31.0,,2021-03-28,2 year,0
C00417,basic,17.0,62.31,1,0,51.0,30.39,2021-03-28,monthly,0
C00418,standard,19.0,62.05,2,2,21.0,19.42,2021-03-28,1 year,1
C00419,basic,10.0,81.74,1,0,25.0,22.91,2021-03-29,2 year,1
C00420, Premium ,23.0,49.05,0,1,34.0,15.64,2021-03-29,1 year,0
C00421,standard,9.0,99.16,3,0,49.0,14.43,2021-03-29,monthly,1
C00422,basic,16.0,79.04,1,0,56.0,18.58,2021-03-29,monthly,0
C00423,basic,4.0,76.41,0,0,58.0,13.39,2021-03-29,monthly,0
C00424,basic,1.0,,1,0,47.0,23.07,2021-03-30,monthly,1
C00425,standard,12.0,113.07,1,1,40.0,6.76,2021-03-30,2 year,1
C00426,premium,11.0,74.27,1,1,51.0,24.23,2021-03-30,1 year,1
C00427,basic,12.0,67.17,3,1,27.0,18.28,2021-03-30,monthly,1
C00428,premium,28.0,107.72,1,1,19.0,16.5,2021-03-30,1 year,1
C00429, Premium ,32.0,94.19,1,2,46.0,6.5,2021-03-31,monthly,1
C00430,premium,21.0,61.98,1,1,29.0,11.14,2021-03-31,1 year,0
C00431,premium,26.0,70.13,3,2,40.0,26.39,2021-03-31,monthly,0
C00432,standard,9.0,74.88,1,1,42.0,16.54,2021-03-31,1 year,0
C00433,standard,7.0,79.05,1,0,44.0,19.95,2021-04-01,1 year,1
C00434,premium,24.0,36.09,1,1,52.0,11.84,2021-04-01,1 year,0
C00435,basic,6.0,31.44,0,0,,17.8,2021-04-01,1 year,1
C00436,basic,6.0,47.82,2,0,43.0,8.39,2021-04-01,monthly,1
C00437,basic,72.0,45.88,2,1,36.0,18.7,2021-04-01,1 year,0
C00438,standard,17.0,53.9,1,2,42.0,20.59,2021-04-02,monthly,1
C00439,standard,11.0,85.87,1,2,34.0,20.24,2021-04-02,monthly,1
C00440,standard,10.0,,1,2,39.0,11.67,2021-04-02,1 year,1
C00441,premium,5.0,74.91,1,0,72.0,15.61,2021-04-02,1 year,1
C00442,basic,20.0,39.39,1,1,43.0,21.76,2021-04-02,2 year,0
C00443,standard,13.0,58.46,0,1,46.0,16.52,2021-04-03,monthly,1
C00444,basic,32.0,84.68,2,1,33.0,15.99,2021-04-03,2 year,1
C00445,basic,24.0,84.87,0,1,53.0,31.32,2021-04-03,monthly,0
C00446,standard,13.0,51.89,1,0,50.0,11.34,2021-04-03,1 year,0
C00447,premium,2.0,74.04,0,0,50.0,25.56,2021-04-03,2 year,0
C00448,standard,18.0,124.97,0,1,44.0,9.92,2021-04-04,1 year,0
C00449,basic,16.0,69.56,1,1,53.0,22.58,2021-04-04,2 year,1
C00450,standard,2.0,52.67,1,1,56.0,22.96,2021-04-04,2 year,1
C00451,basic,22.0,65.66,1,0,44.0,14.43,2021-04-04,monthly,0
C00452,premium,6.0,72.3,2,2,40.0,9.48,2021-04-04,2 year,1
C00453,standard,33.0,66.22,0,0,52.0,4.21,2021-04-05,2 year,0
C00454,basic,16.0,69.22,3,0,30.0,13.69,2021-04-05,monthly,1
C00455,basic,10.0,33.91,2,1,32.0,21.68,2021-04-05,monthly,0
C00456,basic,19.0,45.93,2,0,40.0,,2021-04-05,monthly,0
C00457,premium,18.0,66.27,2,2,20.0,18.68,2021-04-06,2 year,0
C00458,standard,18.0,395.22,1,0,51.0,7.66,2021-04-06,2 year,1
C00459,standard,30.0,55.85,2,1,29.0,16.36,2021-04-06,2 year,1
C00460,standard,20.0,65.57,0,0,35.0,9.97,2021-04-06,monthly,0
C00461,standard,9.0,71.53,4,0,38.0,17.45,2021-04-06,monthly,1
C00462,basic,14.0,92.24,4,2,41.0,14.49,2021-04-07,1 year,1
C00463,premium,41.0,67.52,0,0,37.0,9.67,2021-04-07,monthly,1
C00464,basic,9.0,79.98,1,1,40.0,13.39,2021-04-07,monthly,0
C00465,standard,22.0,56.46,0,1,40.0,,2021-04-07,monthly,0
C00466,standard,31.0,84.3,3,2,36.0,8.8,2021-04-07,monthly,1
C00467,standard,24.0,79.39,3,0,32.0,25.58,2021-04-08,monthly,0
C00468, Premium ,18.0,91.65,1,1,54.0,15.48,2021-04-08,1 year,1
C00469, Premium ,20.0,87.84,0,0,18.0,2.58,2021-04-08,monthly,1
C00470,standard,25.0,84.72,0,0,39.0,13.64,2021-04-08,monthly,0
C00471,basic,9.0,,5,1,35.0,24.4,2021-04-08,1 year,1
C00472,standard,16.0,76.12,3,1,46.0,12.67,2021-04-09,2 year,1
C00473,basic,61.0,96.59,0,1,24.0,28.48,2021-04-09,1 year,0
C00474,basic,23.0,,1,1,35.0,12.0,2021-04-09,1 year,1
C00475,basic,18.0,54.29,1,1,40.0,21.52,2021-04-09,1 year,1
C00476,basic,13.0,74.54,0,0,54.0,25.26,2021-04-09,1 year,0
C00477,basic,9.0,80.38,0,1,45.0,21.15,2021-04-10,,1
C00478,standard,20.0,49.4,3,0,27.0,8.38,2021-04-10,monthly,1
C00479,standard,21.0,68.13,0,1,35.0,11.4,2021-04-10,1 year,0
C00480,basic,16.0,67.65,1,0,52.0,26.19,2021-04-10,monthly,1
C00481,basic,72.0,15.0,0,0,27.0,12.37,2021-04-11,monthly,0
C00482,basic,9.0,64.51,3,0,40.0,24.83,2021-04-11,monthly,0
C00483,standard,8.0,66.07,1,1,41.0,14.99,2021-04-11,monthly,1
C00484,basic,13.0,65.99,1,1,36.0,18.99,2021-04-11,monthly,0
C00485,basic,16.0,105.4,1,0,73.0,8.3,2021-04-11,1 year,1
C00486,basic,8.0,39.61,1,2,36.0,13.74,2021-04-12,monthly,1
C00487,standard,20.0,49.38,0,0,46.0,11.87,2021-04-12,monthly,0
C00488,basic,21.0,15.0,0,0,32.0,19.58,2021-04-12,monthly,0
C00489,standard,27.0,57.98,0,0,47.0,18.65,2021-04-12,monthly,0
C00490,standard,11.0,60.11,4,1,51.0,21.24,2021-04-12,1 year,0
C00491,standard,38.0,57.25,0,0,34.0,14.57,2021-04-13,monthly,0
C00492,standard,25.0,97.69,1,0,40.0,11.49,2021-04-13,monthly,1
C00493,standard,9.0,91.52,2,0,30.0,19.28,2021-04-13,monthly,1
C00494,basic,8.0,71.95,1,2,27.0,10.79,2021-04-13,monthly,0
C00495,standard,13.0,60.73,1,1,53.0,25.55,2021-04-13,monthly,0
C00496,standard,21.0,95.65,0,1,34.0,,2021-04-14,monthly,0
C00497,basic,23.0,417.06000000000006,0,1,,,2021-04-14,1 year,0
C00498,standard,25.0,49.54,3,0,-1.0,21.24,2021-04-14,2 year,1
C00499, Premium ,59.0,27.09,0,1,31.0,17.47,2021-04-14,1 year,1
C00500,standard,3.0,58.97,1,0,38.0,6.39,2021-04-14,monthly,0
C00501,standard,15.0,88.87,0,2,61.0,10.57,2021-04-15,monthly,1
C00502,premium,56.0,126.91,1,2,39.0,25.4,2021-04-15,1 year,0
C00503,premium,27.0,71.54,0,2,39.0,18.59,2021-04-15,monthly,0
C00504,standard,7.0,50.87,2,0,26.0,6.23,2021-04-15,2 year,0
C00505,standard,19.0,40.38,2,0,21.0,20.46,2021-04-16,1 year,0
C00506,standard,15.0,83.8,0,1,39.0,14.09,2021-04-16,monthly,1
C00507,basic,14.0,25.88,3,0,45.0,11.88,2021-04-16,monthly,0
C00508,premium,11.0,83.76,0,1,45.0,9.99,2021-04-16,2 year,0
C00509,standard,18.0,90.44,2,0,35.0,,2021-04-16,2 year,0
C00510,basic,34.0,80.91,1,0,41.0,4.24,2021-04-17,2 year,1
C00511,basic,12.0,64.51,5,0,19.0,12.14,2021-04-17,monthly,0
C00512,premium,25.0,84.12,1,1,47.0,18.84,2021-04-17,1 year,0
C00513,basic,29.0,74.27,0,0,43.0,29.05,2021-04-17,monthly,0
C00514,basic,38.0,50.55,1,0,65.0,21.88,2021-04-17,monthly,0
C00515, Premium ,8.0,116.26,3,0,41.0,12.08,2021-04-18,1 year,1
C00516,basic,17.0,61.21,0,0,30.0,28.71,2021-04-18,2 year,0
C00517,basic,10.0,89.39,1,0,40.0,8.51,2021-04-18,monthly,1
C00518,standard,18.0,15.0,0,1,37.0,19.86,2021-04-18,monthly,0
C00519,basic,18.0,101.91,2,0,46.0,21.41,2021-04-18,monthly,0
C00520,premium,7.0,106.72,0,1,41.0,11.83,2021-04-19,monthly,1
C00521,premium,19.0,70.75,1,0,26.0,22.88,2021-04-19,monthly,0
C00522,basic,61.0,83.97,0,0,21.0,14.4,2021-04-19,2 year,0
C00523,basic,23.0,83.96,1,0,44.0,22.87,2021-04-19,monthly,0
C00524,standard,5.0,53.93,1,0,58.0,5.12,2021-04-19,,1
C00525,basic,8.0,83.68,1,1,42.0,20.34,2021-04-20,monthly,1
C00526,basic,16.0,49.78,1,2,51.0,15.12,2021-04-20,monthly,1
C00527,premium,8.0,54.78,1,0,53.0,,2021-04-20,monthly,0
C00528,premium,37.0,98.17,0,0,44.0,17.69,2021-04-20,monthly,0
C00529,standard,5.0,94.37,1,0,31.0,26.74,2021-04-21,1 year,1
C00530,basic,24.0,52.34,0,1,43.0,21.55,2021-04-21,1 year,0
C00531,standard,4.0,51.66,0,1,55.0,17.11,2021-04-21,2 year,1
C00532,standard,16.0,53.86,3,2,47.0,23.51,2021-04-21,monthly,1
C00533,basic,7.0,88.32,2,2,50.0,23.56,2021-04-21,1 year,1
C00534,standard,27.0,45.0,2,0,35.0,21.3,2021-04-22,2 year,1
C00535,basic,33.0,78.92,1,0,,1.95,2021-04-22,monthly,0
C00536,basic,21.0,88.67,0,0,40.0,11.12,2021-04-22,2 year,0
C00537,standard,34.0,67.79,1,1,40.0,27.69,2021-04-22,2 year,0
C00538,basic,1.0,,0,1,55.0,9.21,2021-04-22,2 year,1
C00539,basic,19.0,62.39,3,0,18.0,24.18,2021-04-23,1 year,0
C00540,premium,23.0,64.65,3,1,41.0,22.95,2021-04-23,1 year,0
C00541,premium,25.0,,1,2,40.0,12.92,2021-04-23,monthly,1
C00542, Premium ,22.0,95.43,3,1,25.0,4.03,2021-04-23,1 year,1
C00543,premium,26.0,50.84,1,1,49.0,14.02,2021-04-23,2 year,0
C00544,premium,18.0,78.74,3,0,32.0,32.55,2021-04-24,monthly,0
C00545,basic,5.0,68.22,1,3,37.0,11.96,2021-04-24,1 year,1
C00546,basic,11.0,43.68,3,1,63.0,12.44,2021-04-24,1 year,1
C00547, Premium ,37.0,54.77,2,2,53.0,11.02,2021-04-24,monthly,1
C00548,basic,34.0,104.57,3,0,48.0,26.5,2021-04-24,1 year,0
C00549,standard,23.0,75.04,0,0,46.0,16.3,2021-04-25,1 year,0
C00550,basic,27.0,44.77,1,0,39.0,13.62,2021-04-25,1 year,0
C00551,standard,32.0,77.63,2,0,65.0,27.89,2021-04-25,2 year,0
C00552,basic,23.0,66.35,2,0,51.0,22.06,2021-04-25,monthly,1
C00553,basic,36.0,156.35,2,1,32.0,11.56,2021-04-26,2 year,1
C00554,premium,36.0,77.13,0,0,24.0,9.43,2021-04-26,1 year,0
C00555,basic,72.0,60.48,2,1,48.0,26.11,2021-04-26,2 year,0
C00556,basic,11.0,105.5,0,0,40.0,18.12,2021-04-26,monthly,1
C00557,basic,11.0,23.97,1,2,24.0,7.16,2021-04-26,monthly,1
C00558,standard,22.0,72.36,2,0,46.0,5.52,2021-04-27,2 year,1
C00559,standard,54.0,119.86,1,0,38.0,10.19,2021-04-27,monthly,0
C00560,standard,38.0,67.1,2,3,47.0,9.32,2021-04-27,monthly,0
C00561,basic,29.0,26.67,1,0,46.0,3.68,2021-04-27,1 year,1
C00562,basic,40.0,,0,0,34.0,10.3,2021-04-27,1 year,0
C00563,premium,24.0,106.36,1,2,49.0,11.57,2021-04-28,,1
C00564,standard,13.0,79.4,1,1,35.0,14.76,2021-04-28,1 year,0
C00565,standard,62.0,49.03,1,1,,,2021-04-28,2 year,0
C00566,standard,23.0,52.87,1,1,35.0,16.13,2021-04-28,monthly,1
C00567,standard,35.0,56.01,3,1,55.0,16.83,2021-04-28,1 year,0
C00568,basic,1.0,79.03,1,0,38.0,21.56,2021-04-29,2 year,0
C00569,basic,2.0,103.45,2,3,57.0,16.34,2021-04-29,1 year,1
C00570,standard,19.0,96.31,2,1,62.0,20.8,2021-04-29,monthly,1
C00571,basic,8.0,81.4,0,1,32.0,19.96,2021-04-29,monthly,0
C00572,premium,20.0,36.71,1,1,18.0,18.86,2021-04-29,1 year,0
C00573,standard,11.0,36.8,0,0,54.0,37.37,2021-04-30,1 year,0
C00574,standard,72.0,83.33,3,0,37.0,24.38,2021-04-30,1 year,1
C00575,premium,33.0,36.36,1,0,31.0,10.43,2021-04-30,1 year,0
C00576,standard,42.0,64.36,1,0,34.0,20.59,2021-04-30,2 year,1
C00577,premium,2.0,77.6,3,0,36.0,12.46,2021-05-01,monthly,1
C00578,standard,29.0,41.56,1,1,57.0,21.12,2021-05-01,1 year,0
C00579,premium,15.0,44.39,1,0,43.0,8.37,2021-05-01,1 year,0
C00580,basic,43.0,67.65,0,5,56.0,10.25,2021-05-01,monthly,1
C00581,standard,26.0,82.59,3,2,47.0,20.41,2021-05-01,monthly,1
C00582,standard,16.0,96.54,1,4,37.0,24.98,2021-05-02,1 year,1
C00583,basic,6.0,,0,0,36.0,21.52,2021-05-02,2 year,0
C00584,basic,19.0,431.04,1,2,48.0,,2021-05-02,monthly,1
C00585,premium,36.0,51.35,1,3,,20.62,2021-05-02,monthly,0
C00586,standard,44.0,43.23,0,1,53.0,19.21,2021-05-02,monthly,0
C00587,basic,13.0,57.23,1,1,38.0,14.47,2021-05-03,2 year,1
C00588,basic,71.0,80.25,2,1,,23.69,2021-05-03,,0
C00589,basic,35.0,78.42,1,0,48.0,25.17,2021-05-03,,0
C00590,basic,8.0,17.5,1,2,36.0,17.56,2021-05-03,2 year,1
C00591,premium,7.0,50.36,2,1,,17.18,2021-05-03,monthly,0
C00592,basic,15.0,100.11,3,0,31.0,29.14,2021-05-04,monthly,0
C00593,basic,13.0,71.98,3,0,38.0,17.86,2021-05-04,monthly,1
C00594,standard,24.0,34.57,3,2,49.0,18.53,2021-05-04,1 year,0
C00595,basic,17.0,128.9,1,2,56.0,21.39,2021-05-04,2 year,1
C00596,basic,14.0,69.28,2,1,25.0,17.32,2021-05-04,monthly,1
C00597,standard,4.0,79.61,1,0,34.0,,2021-05-05,1 year,1
C00598,standard,27.0,79.99,2,0,37.0,20.65,2021-05-05,1 year,0
C00599,premium,4.0,60.81,1,1,51.0,17.73,2021-05-05,2 year,1
C00600,standard,35.0,51.81,2,0,35.0,30.9,2021-05-05,2 year,0
C00601,standard,2.0,123.04,2,2,36.0,23.52,2021-05-06,1 year,1
C00602,standard,4.0,95.08,2,0,24.0,13.83,2021-05-06,monthly,0
C00603,premium,8.0,90.55,0,0,47.0,23.1,2021-05-06,monthly,0
C00604,standard,12.0,84.41,2,0,39.0,,2021-05-06,2 year,0
C00605,premium,10.0,44.92,1,2,33.0,27.17,2021-05-06,1 year,0
C00606,standard,12.0,101.94,2,1,38.0,14.33,2021-05-07,,1
C00607,premium,20.0,48.92,1,0,55.0,19.32,2021-05-07,2 year,0
C00608,basic,8.0,77.08,2,0,29.0,17.31,2021-05-07,2 year,0
C00609,standard,21.0,29.02,2,1,31.0,18.41,2021-05-07,1 year,0
C00610,basic,1.0,18.98,1,1,-1.0,11.8,2021-05-07,2 year,1
C00611,standard,8.0,77.96,4,1,42.0,22.03,2021-05-08,monthly,1
C00612,standard,3.0,49.77,1,0,49.0,20.93,2021-05-08,1 year,0
C00613,premium,34.0,20.27,3,2,46.0,27.0,2021-05-08,2 year,0
C00614,premium,9.0,83.52,3,1,,17.93,2021-05-08,,0
C00615,basic,26.0,123.0,1,2,37.0,15.12,2021-05-08,monthly,1
C00616,standard,3.0,104.74,2,1,51.0,23.53,2021-05-09,1 year,1
C00617,standard,44.0,63.57,1,0,55.0,12.44,2021-05-09,1 year,0
C00618, Premium ,18.0,70.22,2,2,54.0,25.59,2021-05-09,monthly,0
C00619,basic,17.0,92.19,2,2,27.0,25.58,2021-05-09,monthly,1
C00620,basic,4.0,98.05,0,0,57.0,26.8,2021-05-09,monthly,1
C00621,standard,7.0,61.41,3,0,37.0,20.64,2021-05-10,monthly,1
C00622,standard,14.0,70.85,2,0,32.0,14.59,2021-05-10,2 year,0
C00623,premium,7.0,77.52,0,0,39.0,18.76,2021-05-10,1 year,0
C00624,standard,32.0,83.85,2,0,51.0,20.66,2021-05-10,1 year,0
C00625,premium,18.0,,3,0,47.0,14.08,2021-05-11,monthly,1
C00626,basic,7.0,67.0,1,0,38.0,27.33,2021-05-11,monthly,0
C00627,standard,29.0,627.0,1,0,51.0,22.06,2021-05-11,monthly,0
C00628,basic,13.0,100.24,0,2,43.0,11.75,2021-05-11,2 year,1
C00629,standard,28.0,,1,1,34.0,31.18,2021-05-11,2 year,1
C00630,premium,11.0,112.98,0,0,,18.68,2021-05-12,monthly,1
C00631,premium,24.0,362.04,1,1,46.0,10.34,2021-05-12,2 year,1
C00632,premium,12.0,110.57,0,0,40.0,12.19,2021-05-12,monthly,0
C00633,basic,32.0,83.56,3,0,24.0,28.41,2021-05-12,monthly,0
C00634,basic,3.0,,2,1,51.0,30.77,2021-05-12,,1
C00635,basic,6.0,40.19,0,0,,25.07,2021-05-13,monthly,0
C00636,basic,15.0,52.77,0,0,,27.24,2021-05-13,2 year,1
C00637,standard,10.0,80.47,1,0,24.0,26.52,2021-05-13,monthly,0
C00638,standard,12.0,79.93,2,1,,21.9,2021-05-13,1 year,1
C00639,standard,26.0,118.75,1,2,33.0,20.3,2021-05-13,monthly,1
C00640,premium,12.0,53.29,0,1,29.0,21.78,2021-05-14,monthly,1
C00641,standard,21.0,92.62,3,0,35.0,23.15,2021-05-14,monthly,0
C00642,premium,8.0,99.06,0,0,62.0,,2021-05-14,2 year,0
C00643,basic,2.0,87.62,1,1,43.0,23.12,2021-05-14,1 year,1
C00644,basic,28.0,45.98,2,1,31.0,28.21,2021-05-14,1 year,1
C00645,standard,50.0,105.19,3,0,19.0,16.56,2021-05-15,monthly,0
C00646,premium,20.0,100.73,0,1,20.0,15.81,2021-05-15,monthly,0
C00647,basic,16.0,84.99,0,0,35.0,21.34,2021-05-15,monthly,0
C00648,standard,18.0,75.11,1,3,33.0,13.45,2021-05-15,2 year,1
C00649,standard,40.0,75.65,0,0,38.0,8.78,2021-05-16,monthly,0
C00650,basic,20.0,68.03,1,0,18.0,26.03,2021-05-16,monthly,0
C00651,basic,29.0,86.02,0,1,40.0,14.84,2021-05-16,1 year,0
C00652,premium,28.0,70.78,2,0,53.0,18.13,2021-05-16,1 year,0
C00653,standard,34.0,48.79,1,0,60.0,13.73,2021-05-16,monthly,0
C00654,basic,15.0,43.79,2,2,18.0,26.94,2021-05-17,monthly,0
C00655,premium,11.0,51.2,3,0,31.0,23.97,2021-05-17,monthly,1
C00656,basic,25.0,75.55,0,1,31.0,16.31,2021-05-17,1 year,1
C00657,premium,33.0,69.33,2,0,43.0,9.74,2021-05-17,monthly,0
C00658,basic,37.0,75.38,1,0,26.0,15.57,2021-05-17,1 year,1
C00659,standard,43.0,82.52,1,1,61.0,21.99,2021-05-18,monthly,0
C00660, Premium ,31.0,54.32,1,2,42.0,19.32,2021-05-18,,1
C00661,basic,10.0,106.64,3,1,40.0,18.76,2021-05-18,2 year,1
C00662,premium,20.0,63.31,1,0,60.0,19.48,2021-05-18,monthly,1
C00663,basic,18.0,59.16,2,1,41.0,23.31,2021-05-18,monthly,1
C00664,basic,17.0,82.06,2,0,46.0,17.71,2021-05-19,monthly,1
C00665,basic,25.0,24.09,3,1,32.0,21.15,2021-05-19,2 year,1
C00666,standard,14.0,50.24,3,0,25.0,11.09,2021-05-19,1 year,1
C00667,premium,14.0,94.53,0,0,34.0,35.88,2021-05-19,1 year,0
C00668,premium,52.0,26.56,2,1,67.0,,2021-05-19,monthly,0
C00669,basic,16.0,97.94,2,2,49.0,19.43,2021-05-20,monthly,0
C00670,basic,34.0,107.78,4,0,44.0,21.97,2021-05-20,1 year,1
C00671,basic,35.0,60.76,1,1,29.0,15.12,2021-05-20,1 year,1
C00672,standard,20.0,77.3,2,0,52.0,18.05,2021-05-20,2 year,0
C00673,premium,15.0,97.98,1,0,25.0,17.97,2021-05-21,2 year,0
C00674,standard,8.0,58.33,1,0,22.0,11.6,2021-05-21,1 year,1
C00675,standard,4.0,91.69,1,2,34.0,21.07,2021-05-21,1 year,1
C00676,basic,26.0,53.22,1,1,64.0,6.46,2021-05-21,2 year,0
C00677,premium,22.0,58.06,2,2,64.0,30.27,2021-05-21,2 year,1
C00678, Premium ,28.0,50.02,2,1,36.0,23.55,2021-05-22,2 year,0
C00679,basic,11.0,78.57,1,1,33.0,22.47,2021-05-22,2 year,1
C00680,basic,56.0,98.95,3,0,21.0,5.84,2021-05-22,monthly,1
C00681,basic,24.0,65.4,0,1,42.0,12.45,2021-05-22,,0
C00682,basic,16.0,38.22,1,0,43.0,27.73,2021-05-22,1 year,0
C00683,basic,2.0,42.93,2,0,50.0,47.06,2021-05-23,monthly,0
C00684,standard,13.0,79.86,0,0,52.0,26.36,2021-05-23,1 year,0
C00685,standard,29.0,116.1,2,2,39.0,25.26,2021-05-23,monthly,0
C00686,basic,43.0,79.84,0,3,48.0,21.67,2021-05-23,monthly,1
C00687,basic,17.0,60.33,0,1,33.0,12.07,2021-05-23,monthly,1
C00688,premium,47.0,89.15,2,0,47.0,24.97,2021-05-24,1 year,0
C00689,standard,8.0,64.01,0,1,35.0,,2021-05-24,1 year,0
C00690,standard,23.0,60.54,1,1,47.0,9.53,2021-05-24,1 year,0
C00691,basic,23.0,46.04,2,0,46.0,9.09,2021-05-24,monthly,0
C00692,premium,26.0,105.21,0,0,42.0,24.83,2021-05-24,1 year,0
C00693,basic,19.0,15.0,1,2,51.0,17.6,2021-05-25,monthly,1
C00694,basic,22.0,89.95,0,3,22.0,18.71,2021-05-25,monthly,0
C00695,premium,8.0,58.41,2,2,28.0,17.89,2021-05-25,monthly,0
C00696,standard,40.0,59.74,1,2,38.0,10.12,2021-05-25,2 year,1
C00697,standard,32.0,112.31,2,1,24.0,13.3,2021-05-26,monthly,0
C00698,standard,21.0,52.15,1,2,36.0,13.66,2021-05-26,1 year,1
C00699,standard,32.0,53.0,2,0,37.0,8.16,2021-05-26,2 year,0
C00700,basic,41.0,66.74,1,0,57.0,14.47,2021-05-26,monthly,0
C00701,basic,26.0,80.35,1,1,43.0,10.43,2021-05-26,2 year,1
C00702,basic,60.0,58.95,0,1,53.0,22.04,2021-05-27,monthly,1
C00703,basic,27.0,30.65,2,0,45.0,22.63,2021-05-27,monthly,1
C00704,premium,9.0,48.36,1,2,35.0,8.94,2021-05-27,monthly,0
C00705,basic,21.0,102.03,1,0,43.0,15.92,2021-05-27,1 year,1
C00706,standard,33.0,71.87,0,0,50.0,30.99,2021-05-27,2 year,1
C00707,standard,41.0,81.28,3,0,55.0,11.13,2021-05-28,1 year,1
C00708,standard,19.0,63.46,3,0,39.0,20.99,2021-05-28,1 year,1
C00709,basic,8.0,53.51,2,1,21.0,18.74,2021-05-28,monthly,0
C00710,standard,14.0,111.94,2,0,20.0,25.65,2021-05-28,2 year,1
C00711,premium,5.0,65.3,6,0,37.0,,2021-05-28,monthly,0
C00712,standard,29.0,58.92,1,0,18.0,14.98,2021-05-29,monthly,0
C00713,premium,12.0,97.4,0,1,63.0,18.47,2021-05-29,2 year,0
C00714,premium,10.0,51.94,3,0,48.0,18.57,2021-05-29,monthly,0
C00715,standard,31.0,55.13,2,2,33.0,17.36,2021-05-29,monthly,1
C00716,basic,47.0,70.26,2,4,28.0,8.77,2021-05-29,monthly,1
C00717,standard,10.0,70.01,1,3,53.0,26.7,2021-05-30,monthly,1
C00718,basic,20.0,76.49,1,1,28.0,25.47,2021-05-30,2 year,1
C00719,standard,15.0,122.29,0,1,29.0,10.69,2021-05-30,monthly,1
C00720,premium,42.0,78.41,1,1,32.0,15.89,2021-05-30,2 year,1
C00721,standard,16.0,15.0,1,0,42.0,16.42,2021-05-31,monthly,0
C00722,basic,7.0,78.16,1,0,48.0,9.9,2021-05-31,1 year,1
C00723,basic,17.0,70.95,0,0,55.0,4.93,2021-05-31,1 year,0
C00724,premium,36.0,71.09,0,2,54.0,13.31,2021-05-31,1 year,0
C00725,basic,14.0,76.15,1,0,41.0,15.51,2021-05-31,1 year,0
C00726,basic,11.0,69.28,1,2,53.0,7.91,2021-06-01,1 year,1
C00727,basic,16.0,68.68,1,0,33.0,19.24,2021-06-01,1 year,0
C00728,basic,8.0,85.33,2,1,19.0,26.14,2021-06-01,2 year,1
C00729,standard,15.0,56.45,1,0,33.0,23.89,2021-06-01,,0
C00730,standard,11.0,46.31,1,0,31.0,17.11,2021-06-01,monthly,0
C00731,basic,67.0,145.59,1,0,33.0,5.12,2021-06-02,1 year,1
C00732,basic,3.0,52.1,3,0,29.0,23.01,2021-06-02,monthly,1
C00733,basic,9.0,72.5,2,0,35.0,19.02,2021-06-02,monthly,0
C00734,basic,11.0,32.61,3,1,48.0,20.97,2021-06-02,2 year,1
C00735,basic,8.0,72.91,0,0,62.0,31.55,2021-06-02,monthly,1
C00736,standard,23.0,46.67,2,1,20.0,12.23,2021-06-03,monthly,0
C00737,basic,10.0,58.94,0,0,26.0,0.5,2021-06-03,1 year,0
C00738,basic,5.0,96.13,1,0,32.0,10.63,2021-06-03,monthly,1
C00739,basic,18.0,81.8,1,0,50.0,21.4,2021-06-03,monthly,0
C00740,basic,14.0,84.21,0,1,39.0,18.19,2021-06-03,monthly,1
C00741,basic,10.0,25.72,0,0,32.0,9.49,2021-06-04,monthly,0
C00742,basic,41.0,115.92,0,2,50.0,8.06,2021-06-04,monthly,1
C00743,premium,24.0,,2,1,52.0,15.52,2021-06-04,2 year,1
C00744,basic,22.0,649.26,3,2,41.0,9.28,2021-06-04,monthly,1
C00745,standard,24.0,95.54,1,0,31.0,21.64,2021-06-05,monthly,0
C00746,standard,23.0,84.43,3,0,44.0,15.12,2021-06-05,1 year,0
C00747,basic,14.0,48.63,1,1,38.0,13.61,2021-06-05,monthly,1
C00748,basic,10.0,73.79,1,1,38.0,,2021-06-05,monthly,1
C00749,standard,19.0,58.23,3,1,35.0,19.84,2021-06-05,monthly,0
C00750,premium,14.0,70.73,2,0,52.0,18.3,2021-06-06,monthly,0
C00751,basic,3.0,63.75,1,1,44.0,19.41,2021-06-06,monthly,1
C00752,basic,7.0,19.03,1,1,53.0,19.26,2021-06-06,monthly,0
C00753,basic,13.0,98.04,2,3,57.0,17.49,2021-06-06,2 year,1
C00754,standard,31.0,67.97,3,0,47.0,10.77,2021-06-06,2 year,0
C00755,standard,19.0,57.88,1,2,35.0,12.89,2021-06-07,2 year,1
C00756,basic,8.0,55.99,3,1,53.0,15.24,2021-06-07,monthly,1
C00757,basic,7.0,78.96,1,1,47.0,32.46,2021-06-07,1 year,0
C00758,premium,36.0,47.66,0,1,72.0,8.56,2021-06-07,1 year,0
C00759,basic,15.0,15.0,3,1,45.0,15.07,2021-06-07,monthly,1
C00760,standard,1.0,80.18,1,1,49.0,18.69,2021-06-08,2 year,0
C00761,standard,15.0,82.98,2,1,44.0,15.88,2021-06-08,1 year,0
C00762,basic,27.0,65.01,2,0,40.0,25.52,2021-06-08,monthly,0
C00763,basic,6.0,41.3,1,0,38.0,15.84,2021-06-08,2 year,1
C00764,basic,18.0,72.22,0,1,45.0,16.36,2021-06-08,monthly,0
C00765,premium,19.0,33.39,2,1,47.0,23.7,2021-06-09,monthly,1
C00766, Premium ,7.0,44.32,0,1,55.0,30.67,2021-06-09,monthly,1
C00767,basic,38.0,51.23,2,1,45.0,27.85,2021-06-09,monthly,1
C00768,basic,19.0,91.1,4,0,35.0,17.04,2021-06-09,2 year,0
C00769,basic,13.0,60.93,1,0,,17.65,2021-06-10,1 year,1
C00770,standard,15.0,58.8,1,0,25.0,18.33,2021-06-10,monthly,1
C00771,basic,6.0,118.87,0,2,61.0,19.03,2021-06-10,1 year,1
C00772,standard,5.0,78.81,1,1,35.0,12.07,2021-06-10,2 year,1
C00773,standard,12.0,78.47,0,0,53.0,24.56,2021-06-10,2 year,0
C00774,premium,12.0,60.76,1,0,44.0,19.45,2021-06-11,2 year,0
C00775,basic,14.0,,3,0,45.0,,2021-06-11,2 year,1
C00776,premium,40.0,15.34,1,0,40.0,9.1,2021-06-11,1 year,0
C00777,standard,26.0,94.22,1,2,32.0,18.44,2021-06-11,monthly,1
C00778,basic,3.0,81.21,2,1,29.0,4.75,2021-06-11,2 year,1
C00779,standard,35.0,65.52,1,1,62.0,13.93,2021-06-12,monthly,0
C00780,premium,12.0,66.57,0,0,42.0,14.06,2021-06-12,monthly,1
C00781,basic,28.0,88.4,0,0,55.0,20.01,2021-06-12,monthly,1
C00782,premium,12.0,31.13,0,0,58.0,31.16,2021-06-12,monthly,0
C00783,standard,18.0,55.25,0,1,36.0,22.0,2021-06-12,1 year,0
C00784,standard,6.0,41.59,2,0,46.0,28.14,2021-06-13,2 year,1
C00785,premium,21.0,114.29,1,2,,22.52,2021-06-13,monthly,0
C00786,basic,30.0,91.89,1,1,27.0,25.88,2021-06-13,1 year,0
C00787,premium,4.0,90.0,2,0,39.0,31.0,2021-06-13,monthly,0
C00788,basic,30.0,32.16,3,0,,12.88,2021-06-13,1 year,1
C00789,standard,10.0,66.69,0,0,35.0,12.42,2021-06-14,monthly,1
C00790,standard,49.0,58.19,3,0,37.0,22.68,2021-06-14,monthly,0
C00791,basic,28.0,36.89,3,4,39.0,17.97,2021-06-14,1 year,1
C00792,basic,25.0,118.62,1,2,66.0,,2021-06-14,1 year,1
C00793,basic,15.0,77.81,3,0,,16.26,2021-06-15,monthly,1
C00794,basic,72.0,81.87,1,1,47.0,13.83,2021-06-15,monthly,1
C00795,basic,12.0,52.7,1,1,38.0,29.35,2021-06-15,monthly,0
C00796,basic,7.0,88.06,2,1,33.0,,2021-06-15,1 year,1
C00797,basic,10.0,,1,0,38.0,22.8,2021-06-15,monthly,0
C00798,basic,34.0,62.92,2,1,49.0,21.67,2021-06-16,monthly,1
C00799,standard,18.0,85.28,3,1,50.0,6.95,2021-06-16,2 year,1
C00800,standard,16.0,29.28,1,0,43.0,12.18,2021-06-16,1 year,0
C00801,standard,12.0,,2,0,54.0,13.36,2021-06-16,monthly,1
C00802, Premium ,16.0,,1,2,56.0,21.95,2021-06-16,1 year,0
C00803,premium,11.0,102.02,1,0,51.0,15.43,2021-06-17,monthly,0
C00804,standard,27.0,43.11,2,2,34.0,17.4,2021-06-17,monthly,1
C00805,basic,14.0,46.92,3,0,47.0,7.8,2021-06-17,1 year,1
C00806,basic,10.0,40.95,3,0,47.0,34.28,2021-06-17,monthly,0
C00807,standard,32.0,76.26,1,0,31.0,18.5,2021-06-17,monthly,1
C00808,basic,7.0,71.65,0,4,22.0,21.49,2021-06-18,2 year,1
C00809,standard,18.0,,1,1,18.0,14.22,2021-06-18,1 year,1
C00810,premium,3.0,44.65,1,0,42.0,13.43,2021-06-18,2 year,0
C00811,basic,5.0,38.34,0,1,45.0,31.39,2021-06-18,2 year,0
C00812,basic,13.0,68.79,4,4,27.0,4.58,2021-06-18,,1
C00813,premium,11.0,58.36,2,0,,19.95,2021-06-19,1 year,0
C00814,standard,11.0,52.86,3,2,43.0,9.52,2021-06-19,monthly,1
C00815,basic,28.0,108.68,1,0,57.0,15.16,2021-06-19,1 year,0
C00816, Premium ,29.0,67.94,2,0,45.0,13.53,2021-06-19,monthly,0
C00817,premium,21.0,101.75,0,0,28.0,11.1,2021-06-20,monthly,0
C00818,standard,7.0,56.67,6,3,46.0,18.25,2021-06-20,monthly,1
C00819,standard,15.0,,1,1,49.0,,2021-06-20,1 year,1
C00820,basic,53.0,68.61,0,0,34.0,,2021-06-20,monthly,0
C00821,basic,70.0,27.56,1,0,24.0,17.37,2021-06-20,1 year,0
C00822,standard,32.0,105.71,4,1,42.0,8.49,2021-06-21,2 year,0
C00823,basic,7.0,66.62,0,0,29.0,28.59,2021-06-21,1 year,0
C00824,standard,16.0,88.66,1,2,54.0,13.84,2021-06-21,monthly,1
C00825,premium,20.0,51.2,1,0,36.0,16.34,2021-06-21,monthly,0
C00826,basic,18.0,65.88,0,3,62.0,13.85,2021-06-21,2 year,1
C00827,standard,34.0,48.33,0,2,18.0,17.43,2021-06-22,,0
C00828,basic,28.0,100.9,1,0,43.0,27.16,2021-06-22,monthly,0
C00829,premium,7.0,77.79,1,1,58.0,35.31,2021-06-22,2 year,1
C00830,basic,10.0,,1,2,,23.22,2021-06-22,monthly,1
C00831,standard,32.0,103.95,0,1,39.0,25.62,2021-06-22,monthly,0
C00832,standard,41.0,98.91,3,3,36.0,30.01,2021-06-23,monthly,1
C00833,basic,20.0,89.13,1,2,,19.74,2021-06-23,monthly,1
C00834,standard,45.0,34.46,0,1,44.0,28.99,2021-06-23,monthly,0
C00835,standard,18.0,52.61,1,1,25.0,23.55,2021-06-23,1 year,0
C00836,standard,8.0,44.9,1,0,40.0,19.01,2021-06-23,monthly,0
C00837,standard,26.0,88.19,0,3,47.0,20.45,2021-06-24,1 year,1
C00838,premium,72.0,74.27,0,0,38.0,5.25,2021-06-24,2 year,0
C00839,basic,6.0,35.24,2,1,29.0,20.04,2021-06-24,2 year,1
C00840,standard,43.0,65.28,3,2,53.0,7.19,2021-06-24,monthly,0
C00841,basic,25.0,32.65,2,0,50.0,,2021-06-25,1 year,1
C00842,standard,10.0,68.67,1,0,29.0,19.35,2021-06-25,monthly,1
C00843,standard,3.0,28.62,0,2,25.0,10.2,2021-06-25,1 year,0
C00844,basic,2.0,499.32,0,0,30.0,17.95,2021-06-25,monthly,1
C00845, Premium ,11.0,79.45,0,0,48.0,18.97,2021-06-25,1 year,1
C00846,premium,22.0,,1,0,44.0,19.28,2021-06-26,monthly,1
C00847,basic,30.0,91.2,2,2,50.0,11.67,2021-06-26,1 year,1
C00848,standard,35.0,59.43,2,1,37.0,24.29,2021-06-26,monthly,0
C00849,basic,21.0,,3,0,30.0,17.38,2021-06-26,monthly,1
C00850,premium,19.0,35.06,3,1,52.0,21.09,2021-06-26,1 year,1
C00851,basic,13.0,45.94,4,1,34.0,9.62,2021-06-27,monthly,0
C00852,basic,23.0,78.33,1,1,43.0,16.75,2021-06-27,,0
C00853,premium,10.0,16.04,3,1,22.0,25.68,2021-06-27,1 year,1
C00854,premium,6.0,69.07,1,1,34.0,24.79,2021-06-27,1 year,0
C00855,basic,18.0,44.49,0,1,53.0,12.42,2021-06-27,1 year,1
C00856,standard,29.0,72.53,1,2,32.0,14.18,2021-06-28,1 year,0
C00857,standard,5.0,43.06,2,1,51.0,11.08,2021-06-28,2 year,1
C00858,premium,11.0,80.61,3,1,18.0,13.41,2021-06-28,monthly,1
C00859,basic,17.0,70.48,3,0,34.0,,2021-06-28,1 year,1
C00860,standard,17.0,,1,1,39.0,17.03,2021-06-28,1 year,0
C00861,standard,24.0,70.17,2,1,62.0,22.43,2021-06-29,,1
C00862,standard,52.0,50.78,2,0,27.0,12.5,2021-06-29,monthly,0
C00863,standard,2.0,63.83,5,0,49.0,17.37,2021-06-29,monthly,1
C00864,standard,54.0,36.39,2,1,,16.46,2021-06-29,1 year,1
C00865,basic,51.0,80.15,1,0,32.0,25.39,2021-06-30,monthly,0
C00866,premium,31.0,84.75,2,0,37.0,13.72,2021-06-30,1 year,0
C00867,premium,20.0,131.73,0,1,43.0,,2021-06-30,1 year,1
C00868,standard,10.0,54.45,1,1,23.0,12.08,2021-06-30,1 year,1
C00869,basic,30.0,63.31,0,1,36.0,10.04,2021-06-30,monthly,1
C00870,basic,20.0,55.61,2,0,56.0,21.7,2021-07-01,1 year,1
C00871,standard,13.0,75.3,3,0,47.0,17.05,2021-07-01,1 year,1
C00872,basic,30.0,79.54,1,0,39.0,18.38,2021-07-01,monthly,0
C00873,premium,33.0,68.67,1,1,42.0,26.92,2021-07-01,monthly,0
C00874,basic,41.0,97.16,1,1,48.0,27.32,2021-07-01,monthly,0
C00875,standard,9.0,54.58,4,0,50.0,6.48,2021-07-02,,0
C00876,premium,38.0,94.65,1,2,34.0,22.53,2021-07-02,monthly,0
C00877,basic,13.0,83.46,2,1,59.0,19.58,2021-07-02,monthly,1
C00878,basic,20.0,69.7,0,0,57.0,14.77,2021-07-02,monthly,0
C00879,standard,23.0,62.13,0,2,49.0,20.29,2021-07-02,monthly,1
C00880,standard,36.0,130.67,0,2,31.0,5.92,2021-07-03,monthly,1
C00881,basic,28.0,49.57,1,0,29.0,28.24,2021-07-03,,0
C00882,standard,13.0,77.45,4,0,37.0,21.6,2021-07-03,,1
C00883,premium,2.0,,5,0,42.0,11.94,2021-07-03,2 year,0
C00884,standard,24.0,114.64,3,1,20.0,13.9,2021-07-03,monthly,1
C00885,basic,19.0,92.17,0,1,47.0,6.08,2021-07-04,monthly,1
C00886,basic,6.0,53.04,1,2,56.0,15.8,2021-07-04,1 year,1
C00887,basic,21.0,82.81,1,2,,14.62,2021-07-04,1 year,1
C00888,basic,17.0,,1,2,33.0,8.72,2021-07-04,2 year,0
C00889,basic,41.0,57.08,2,0,31.0,23.44,2021-07-05,monthly,1
C00890,standard,56.0,88.95,0,1,45.0,26.94,2021-07-05,1 year,0
C00891,basic,33.0,79.73,3,0,39.0,17.81,2021-07-05,1 year,0
C00892,premium,16.0,75.39,1,0,46.0,15.86,2021-07-05,monthly,0
C00893,basic,18.0,68.95,2,1,48.0,21.04,2021-07-05,2 year,0
C00894,basic,9.0,80.78,2,2,54.0,17.86,2021-07-06,monthly,1
C00895,standard,10.0,75.73,0,2,27.0,10.42,2021-07-06,monthly,0
C00896,premium,16.0,71.48,0,0,44.0,13.43,2021-07-06,1 year,0
C00897,basic,15.0,53.97,0,0,37.0,15.92,2021-07-06,1 year,0
C00898,basic,5.0,112.34,0,2,40.0,19.74,2021-07-06,2 year,1
C00899,basic,41.0,43.74,1,0,51.0,18.07,2021-07-07,2 year,1
C00900,standard,45.0,80.69,4,2,53.0,19.47,2021-07-07,monthly,1
C00901,standard,40.0,61.99,0,3,58.0,7.33,2021-07-07,1 year,1
C00902,basic,46.0,113.99,0,1,46.0,22.66,2021-07-07,2 year,0
C00903,basic,67.0,,3,1,40.0,18.02,2021-07-07,monthly,1
C00904,standard,9.0,51.62,1,1,38.0,35.87,2021-07-08,monthly,0
C00905,premium,65.0,45.75,1,0,20.0,15.29,2021-07-08,2 year,0
C00906,standard,13.0,78.09,1,2,57.0,20.26,2021-07-08,monthly,0
C00907,standard,27.0,35.67,0,0,,37.8,2021-07-08,2 year,0
C00908,basic,4.0,58.04,2,0,47.0,19.36,2021-07-08,monthly,0
C00909,basic,12.0,16.19,1,3,49.0,17.53,2021-07-09,2 year,0
C00910,basic,34.0,76.01,0,1,26.0,11.09,2021-07-09,1 year,0
C00911,standard,28.0,57.49,0,1,30.0,28.7,2021-07-09,1 year,0
C00912,premium,13.0,32.8,1,0,60.0,9.89,2021-07-09,1 year,0
C00913,premium,18.0,97.14,2,1,44.0,20.99,2021-07-10,monthly,1
C00914,premium,11.0,37.31,3,2,34.0,14.69,2021-07-10,1 year,1
C00915,premium,33.0,,0,0,39.0,16.67,2021-07-10,2 year,0
C00916,premium,43.0,52.47,1,2,54.0,8.03,2021-07-10,2 year,0
C00917, Premium ,9.0,110.04,2,0,52.0,27.4,2021-07-10,2 year,0
C00918,basic,17.0,88.74,1,1,23.0,16.06,2021-07-11,1 year,1
C00919,basic,5.0,44.8,4,1,61.0,9.49,2021-07-11,1 year,1
C00920,standard,20.0,47.07,3,0,53.0,26.77,2021-07-11,1 year,1
C00921,basic,25.0,85.14,0,1,39.0,,2021-07-11,1 year,1
C00922,premium,22.0,63.44,1,0,27.0,20.34,2021-07-11,1 year,0
C00923,standard,24.0,65.77,4,2,54.0,23.89,2021-07-12,monthly,1
C00924,standard,16.0,101.81,1,0,,21.32,2021-07-12,monthly,0
C00925,basic,16.0,51.28,0,1,24.0,2.62,2021-07-12,1 year,1
C00926,basic,15.0,72.28,0,1,38.0,22.87,2021-07-12,monthly,1
C00927,basic,11.0,,1,0,79.0,17.3,2021-07-12,monthly,1
C00928,premium,13.0,90.23,1,0,41.0,15.7,2021-07-13,monthly,0
C00929,standard,24.0,66.01,1,1,32.0,17.24,2021-07-13,2 year,0
C00930,standard,41.0,62.78,2,2,29.0,6.73,2021-07-13,2 year,0
C00931,basic,8.0,26.53,0,0,-1.0,19.35,2021-07-13,,0
C00932,basic,16.0,43.59,3,0,51.0,8.45,2021-07-13,2 year,0
C00933, Premium ,6.0,77.96,3,0,58.0,16.0,2021-07-14,,1
C00934,standard,12.0,66.55,0,3,44.0,19.09,2021-07-14,monthly,1
C00935,standard,13.0,71.87,2,0,56.0,25.52,2021-07-14,monthly,0
C00936,basic,19.0,95.98,2,0,31.0,12.26,2021-07-14,monthly,1
C00937,premium,19.0,40.32,2,1,43.0,,2021-07-15,monthly,0
C00938,basic,17.0,64.1,2,0,44.0,24.63,2021-07-15,1 year,1
C00939,premium,23.0,74.72,1,1,58.0,14.99,2021-07-15,monthly,0
C00940,basic,8.0,52.4,1,0,45.0,10.24,2021-07-15,2 year,1
C00941,basic,19.0,105.79,1,1,33.0,7.89,2021-07-15,1 year,1
C00942,premium,28.0,92.71,0,0,42.0,19.9,2021-07-16,monthly,1
C00943,basic,8.0,77.25,1,0,21.0,12.84,2021-07-16,2 year,0
C00944,basic,3.0,114.86,2,0,18.0,26.4,2021-07-16,2 year,1
C00945, Premium ,33.0,32.53,0,2,51.0,13.24,2021-07-16,1 year,1
C00946,basic,7.0,418.86,2,0,37.0,11.7,2021-07-16,1 year,1
C00947,standard,11.0,79.16,3,2,38.0,19.64,2021-07-17,2 year,1
C00948,premium,28.0,47.14,5,3,-1.0,13.2,2021-07-17,1 year,1
C00949,premium,8.0,77.52,1,1,58.0,18.06,2021-07-17,2 year,1
C00950,basic,32.0,42.34,0,2,47.0,24.9,2021-07-17,monthly,1
C00951,standard,10.0,87.26,2,3,64.0,18.82,2021-07-17,1 year,1
C00952,basic,9.0,96.45,3,0,47.0,18.85,2021-07-18,1 year,0
C00953,basic,6.0,76.81,0,0,45.0,19.44,2021-07-18,monthly,0
C00954,basic,10.0,23.68,1,0,44.0,6.15,2021-07-18,monthly,0
C00955,premium,25.0,45.83,2,1,26.0,20.74,2021-07-18,monthly,0
C00956,premium,11.0,84.12,1,1,52.0,19.12,2021-07-18,monthly,0
C00957,standard,33.0,70.53,0,1,18.0,24.25,2021-07-19,monthly,0
C00958,standard,17.0,15.0,0,1,34.0,,2021-07-19,monthly,0
C00959,standard,18.0,101.07,3,1,41.0,16.59,2021-07-19,2 year,1
C00960,standard,9.0,73.42,2,1,32.0,25.23,2021-07-19,1 year,0
C00961,standard,37.0,49.52,0,1,36.0,15.95,2021-07-20,,0
C00962,basic,28.0,94.87,1,0,63.0,19.73,2021-07-20,monthly,1
C00963,basic,28.0,53.06,1,1,54.0,15.82,2021-07-20,2 year,1
C00964,basic,15.0,52.79,2,2,33.0,21.23,2021-07-20,monthly,1
C00965,premium,6.0,78.96,2,0,35.0,15.36,2021-07-20,monthly,1
C00966,standard,19.0,114.53,1,0,26.0,29.53,2021-07-21,1 year,1
C00967,premium,24.0,110.59,3,2,49.0,32.12,2021-07-21,2 year,1
C00968,basic,25.0,78.99,1,1,38.0,24.12,2021-07-21,2 year,1
C00969,standard,22.0,81.56,2,1,18.0,28.79,2021-07-21,1 year,0
C00970,basic,22.0,89.79,1,0,42.0,7.23,2021-07-21,1 year,1
C00971,basic,10.0,38.58,0,1,46.0,,2021-07-22,1 year,1
C00972,basic,10.0,,3,1,53.0,15.75,2021-07-22,1 year,1
C00973,basic,6.0,51.65,2,2,40.0,18.29,2021-07-22,monthly,1
C00974,premium,34.0,77.96,2,0,,16.61,2021-07-22,monthly,0
C00975,basic,55.0,64.31,0,1,65.0,6.51,2021-07-22,2 year,0
C00976,standard,72.0,82.53,0,1,41.0,26.06,2021-07-23,2 year,1
C00977,standard,20.0,,0,2,50.0,33.08,2021-07-23,monthly,0
C00978,basic,22.0,15.0,1,1,35.0,26.97,2021-07-23,monthly,1
C00979,standard,15.0,74.47,1,0,49.0,25.6,2021-07-23,monthly,0
C00980,basic,20.0,86.05,0,2,24.0,19.58,2021-07-23,monthly,0
C00981, Premium ,8.0,81.15,1,0,35.0,,2021-07-24,monthly,0
C00982,premium,15.0,67.44,2,1,-1.0,,2021-07-24,1 year,1
C00983,standard,9.0,111.05,0,1,34.0,32.74,2021-07-24,monthly,0
C00984,standard,14.0,77.78,1,0,56.0,15.54,2021-07-24,monthly,0
C00985,basic,10.0,80.94,2,0,34.0,14.82,2021-07-25,monthly,0
C00986,premium,24.0,,2,0,50.0,25.75,2021-07-25,1 year,0
C00987,basic,27.0,79.06,1,1,59.0,26.22,2021-07-25,monthly,0
C00988,basic,21.0,47.55,4,2,41.0,12.06,2021-07-25,monthly,1
C00989,basic,10.0,15.0,3,0,53.0,16.17,2021-07-25,1 year,1
C00990,standard,6.0,58.07,3,1,47.0,14.49,2021-07-26,1 year,1
C00991,standard,27.0,,3,1,42.0,18.49,2021-07-26,monthly,1
C00992,standard,17.0,61.17,3,1,50.0,25.73,2021-07-26,1 year,1
C00993,standard,3.0,90.03,1,1,63.0,12.37,2021-07-26,monthly,0
C00994,basic,19.0,73.72,1,1,33.0,25.63,2021-07-26,1 year,1
C00995,premium,22.0,102.2,4,1,29.0,18.71,2021-07-27,monthly,0
C00996,basic,4.0,62.62,0,1,29.0,34.28,2021-07-27,2 year,0
C00997,standard,25.0,81.69,2,1,53.0,20.23,2021-07-27,2 year,0
C00998,basic,5.0,82.65,3,0,55.0,17.32,2021-07-27,1 year,1
C00999,premium,9.0,645.24,0,1,35.0,22.02,2021-07-27,2 year,1
C01000,basic,5.0,27.33,0,0,18.0,15.64,2021-07-28,monthly,1
C01001,basic,9.0,58.54,0,3,,5.43,2021-07-28,1 year,0
C01002,standard,6.0,547.26,3,1,48.0,,2021-07-28,monthly,1
C01003,basic,33.0,108.65,1,0,40.0,,2021-07-28,monthly,1
C01004,basic,14.0,,1,1,43.0,6.85,2021-07-28,1 year,1
C01005,standard,12.0,62.68,1,2,35.0,17.49,2021-07-29,1 year,1
C01006,basic,36.0,88.93,3,1,53.0,3.53,2021-07-29,1 year,1
C01007,premium,34.0,91.72,3,0,45.0,15.57,2021-07-29,2 year,0
C01008, Premium ,13.0,61.01,2,1,48.0,19.71,2021-07-29,1 year,1
C01009,standard,21.0,78.26,1,1,43.0,18.68,2021-07-30,2 year,0
C01010,standard,11.0,99.51,1,1,47.0,,2021-07-30,2 year,1
C01011,standard,16.0,117.26,1,0,47.0,17.4,2021-07-30,2 year,0
C01012,standard,7.0,88.57,1,2,30.0,12.51,2021-07-30,monthly,1
C01013,standard,23.0,,1,1,45.0,18.08,2021-07-30,1 year,0
C01014,premium,36.0,68.65,0,2,50.0,,2021-07-31,1 year,1
C01015,basic,32.0,83.93,3,0,55.0,,2021-07-31,2 year,1
C01016,basic,18.0,67.11,0,0,46.0,19.87,2021-07-31,monthly,0
C01017,standard,3.0,74.74,0,0,29.0,19.83,2021-07-31,monthly,1
C01018,premium,11.0,43.55,3,0,31.0,16.84,2021-07-31,monthly,0
C01019,basic,16.0,102.43,2,0,36.0,34.95,2021-08-01,monthly,1
C01020,basic,5.0,41.5,1,1,43.0,17.02,2021-08-01,2 year,1
C01021,premium,5.0,59.2,2,0,,16.05,2021-08-01,monthly,1
C01022,standard,43.0,72.44,2,3,28.0,15.04,2021-08-01,monthly,0
C01023,premium,30.0,119.77,1,1,27.0,11.2,2021-08-01,1 year,1
C01024,standard,24.0,,2,0,18.0,22.8,2021-08-02,monthly,1
C01025,standard,28.0,53.35,1,4,18.0,13.2,2021-08-02,monthly,1
C01026,basic,6.0,56.23,1,0,39.0,14.02,2021-08-02,1 year,1
C01027,premium,8.0,111.47,1,1,,14.23,2021-08-02,1 year,0
C01028,basic,20.0,15.0,1,2,,11.11,2021-08-02,2 year,0
C01029,standard,21.0,44.93,0,0,29.0,5.74,2021-08-03,1 year,0
C01030,basic,5.0,138.28,0,1,43.0,14.76,2021-08-03,2 year,1
C01031, Premium ,19.0,84.77,3,1,,24.11,2021-08-03,monthly,1
C01032,standard,16.0,42.35,1,1,25.0,,2021-08-03,1 year,0
C01033,standard,32.0,68.95,1,0,-1.0,28.92,2021-08-04,1 year,0
C01034,premium,21.0,71.69,4,1,38.0,,2021-08-04,1 year,1
C01035,basic,46.0,91.15,0,1,39.0,21.67,2021-08-04,monthly,0
C01036,standard,13.0,115.99,0,1,44.0,31.18,2021-08-04,monthly,0
C01037,basic,7.0,79.71,3,3,,17.32,2021-08-04,monthly,1
C01038,basic,45.0,56.51,3,0,37.0,18.44,2021-08-05,2 year,1
C01039,basic,22.0,89.68,0,1,41.0,17.92,2021-08-05,2 year,0
C01040,basic,16.0,,0,0,28.0,28.81,2021-08-05,monthly,0
C01041,basic,9.0,44.17,2,1,25.0,18.02,2021-08-05,1 year,1
C01042,standard,13.0,26.0,1,1,23.0,13.46,2021-08-05,1 year,1
C01043,standard,13.0,30.87,1,5,49.0,22.11,2021-08-06,1 year,1
C01044,standard,6.0,47.59,0,3,37.0,12.29,2021-08-06,monthly,1
C01045,basic,2.0,40.56,2,0,19.0,,2021-08-06,2 year,1
C01046,basic,12.0,77.83,0,1,40.0,20.9,2021-08-06,,0
C01047,basic,28.0,40.01,0,0,26.0,,2021-08-06,1 year,1
C01048,standard,38.0,15.0,1,0,61.0,21.96,2021-08-07,1 year,0
C01049,premium,33.0,43.9,0,1,,7.59,2021-08-07,1 year,0
C01050,basic,34.0,58.2,3,1,49.0,19.14,2021-08-07,monthly,1
C01051,standard,7.0,54.86,2,0,54.0,14.76,2021-08-07,2 year,1
C01052,basic,20.0,107.99,1,0,30.0,38.04,2021-08-07,monthly,0
C01053,basic,25.0,54.66,1,2,42.0,19.09,2021-08-08,2 year,1
C01054,basic,26.0,92.02,1,0,48.0,13.83,2021-08-08,2 year,0
C01055, Premium ,16.0,69.53,3,0,,8.35,2021-08-08,1 year,1
C01056,standard,19.0,68.94,2,0,45.0,27.14,2021-08-08,1 year,0
C01057,premium,32.0,49.12,3,1,25.0,15.55,2021-08-09,monthly,0
C01058,basic,24.0,68.53,2,1,48.0,12.46,2021-08-09,monthly,1
C01059,standard,27.0,50.87,0,1,35.0,20.35,2021-08-09,1 year,0
C01060,standard,12.0,74.25,0,0,45.0,22.55,2021-08-09,monthly,1
C01061,premium,26.0,64.09,1,0,52.0,22.44,2021-08-09,monthly,0
C01062,standard,19.0,46.38,1,0,49.0,18.14,2021-08-10,2 year,1
C01063,basic,30.0,94.8,1,0,45.0,19.11,2021-08-10,monthly,0
C01064,standard,10.0,80.67,4,1,49.0,19.62,2021-08-10,monthly,1
C01065,basic,28.0,58.8,0,0,49.0,20.35,2021-08-10,monthly,0
C01066,premium,13.0,73.64,0,0,59.0,20.97,2021-08-10,1 year,1
C01067,basic,28.0,67.9,1,3,41.0,25.66,2021-08-11,monthly,1
C01068,standard,21.0,48.31,1,1,43.0,18.39,2021-08-11,1 year,0
C01069,basic,18.0,71.76,4,2,52.0,12.28,2021-08-11,1 year,1
C01070,basic,14.0,54.47,0,1,35.0,16.99,2021-08-11,monthly,0
C01071,premium,16.0,46.38,2,0,25.0,23.28,2021-08-11,monthly,1
C01072,standard,12.0,29.43,1,1,47.0,5.49,2021-08-12,monthly,1
C01073,basic,14.0,61.03,0,2,39.0,5.53,2021-08-12,2 year,1
C01074,premium,24.0,84.17,1,0,,24.43,2021-08-12,monthly,1
C01075,premium,4.0,52.63,3,2,47.0,28.64,2021-08-12,monthly,1
C01076,basic,28.0,133.02,1,0,58.0,9.14,2021-08-12,monthly,1
C01077, Premium ,28.0,92.14,2,2,21.0,18.7,2021-08-13,monthly,0
C01078,standard,14.0,102.61,0,0,,15.2,2021-08-13,1 year,1
C01079, Premium ,19.0,89.88,2,1,18.0,16.17,2021-08-13,monthly,1
C01080,basic,8.0,116.32,0,0,36.0,20.14,2021-08-13,2 year,1
C01081,basic,23.0,50.32,0,1,63.0,8.95,2021-08-14,monthly,0
C01082,premium,9.0,15.0,2,0,37.0,10.25,2021-08-14,1 year,0
C01083,premium,1.0,58.85,2,1,42.0,15.89,2021-08-14,1 year,0
C01084,premium,38.0,83.96,1,1,50.0,16.98,2021-08-14,monthly,0
C01085,premium,7.0,73.79,1,1,20.0,10.12,2021-08-14,1 year,0
C01086,standard,16.0,,2,2,42.0,23.53,2021-08-15,2 year,1
C01087,standard,20.0,103.02,3,2,42.0,15.08,2021-08-15,1 year,1
C01088,standard,24.0,79.55,1,2,63.0,15.05,2021-08-15,2 year,1
C01089,standard,17.0,89.97,0,0,26.0,19.98,2021-08-15,1 year,1
C01090,standard,21.0,46.51,0,1,36.0,17.1,2021-08-15,monthly,0
C01091,basic,14.0,42.62,0,1,30.0,23.86,2021-08-16,2 year,0
C01092,standard,4.0,110.35,3,0,29.0,11.47,2021-08-16,monthly,1
C01093,basic,17.0,72.52,2,0,55.0,8.22,2021-08-16,1 year,1
C01094,basic,26.0,54.42,2,1,41.0,,2021-08-16,1 year,1
C01095,standard,8.0,54.47,2,1,34.0,18.42,2021-08-16,2 year,0
C01096,basic,20.0,53.77,1,1,35.0,9.31,2021-08-17,2 year,1
C01097,basic,52.0,52.28,4,0,34.0,8.29,2021-08-17,monthly,0
C01098,premium,16.0,37.92,2,2,35.0,19.28,2021-08-17,1 year,0
C01099,premium,17.0,32.49,3,0,26.0,12.7,2021-08-17,monthly,0
C01100,basic,4.0,65.12,1,2,38.0,7.83,2021-08-17,1 year,1
C01101,basic,7.0,55.18,0,1,37.0,24.76,2021-08-18,1 year,1
C01102,basic,9.0,97.68,0,0,32.0,13.58,2021-08-18,monthly,1
C01103,standard,25.0,77.33,1,2,43.0,26.05,2021-08-18,2 year,1
C01104,premium,8.0,76.63,0,0,44.0,18.2,2021-08-18,monthly,1
C01105,basic,3.0,51.42,0,1,34.0,20.06,2021-08-19,1 year,0
C01106,standard,22.0,66.97,0,0,39.0,16.52,2021-08-19,2 year,0
C01107,basic,9.0,79.03,2,1,67.0,0.5,2021-08-19,1 year,1
C01108,basic,4.0,87.9,0,0,66.0,10.04,2021-08-19,1 year,1
C01109,premium,27.0,67.65,0,0,28.0,17.12,2021-08-19,monthly,0
C01110,basic,13.0,96.98,0,0,30.0,20.55,2021-08-20,monthly,1
C01111,basic,24.0,,1,1,28.0,5.47,2021-08-20,monthly,1
C01112,basic,4.0,89.82,2,0,54.0,17.62,2021-08-20,monthly,1
C01113,standard,2.0,57.75,1,0,,10.14,2021-08-20,monthly,0
C01114,premium,18.0,24.69,2,0,44.0,19.64,2021-08-20,1 year,0
C01115,premium,7.0,76.71,3,0,-1.0,17.86,2021-08-21,1 year,0
C01116,basic,18.0,88.13,1,1,41.0,23.2,2021-08-21,monthly,1
C01117,basic,19.0,84.38,0,0,49.0,25.47,2021-08-21,1 year,0
C01118,standard,17.0,80.55,0,0,47.0,21.21,2021-08-21,2 year,0
C01119,basic,34.0,61.29,2,0,34.0,24.02,2021-08-21,monthly,0
C01120,premium,72.0,49.83,0,0,54.0,,2021-08-22,1 year,0
C01121,standard,22.0,83.79,2,1,31.0,37.76,2021-08-22,monthly,0
C01122,basic,52.0,80.66,2,1,57.0,,2021-08-22,,1
C01123,premium,13.0,55.98,2,2,,14.31,2021-08-22,1 year,1
C01124,basic,5.0,97.74,1,0,35.0,24.31,2021-08-22,monthly,1
C01125, Premium ,10.0,47.93,1,1,28.0,,2021-08-23,monthly,0
C01126,standard,14.0,,5,0,30.0,21.41,2021-08-23,2 year,1
C01127,standard,55.0,110.91,1,1,36.0,22.73,2021-08-23,monthly,0
C01128,standard,18.0,91.71,2,1,18.0,3.42,2021-08-23,,1
C01129, Premium ,34.0,61.05,0,0,38.0,29.13,2021-08-24,1 year,0
C01130,premium,12.0,77.18,1,0,35.0,16.57,2021-08-24,monthly,1
C01131,premium,11.0,73.87,1,0,-1.0,26.72,2021-08-24,1 year,1
C01132,standard,4.0,15.0,2,3,46.0,3.77,2021-08-24,1 year,1
C01133,basic,54.0,47.34,0,0,33.0,19.8,2021-08-24,monthly,0
C01134,standard,42.0,68.73,3,0,35.0,14.06,2021-08-25,2 year,0
C01135,premium,20.0,61.08,5,0,38.0,22.0,2021-08-25,monthly,0
C01136,basic,14.0,76.18,2,2,59.0,20.22,2021-08-25,1 year,1
C01137,standard,18.0,98.24,6,1,31.0,20.56,2021-08-25,monthly,1
C01138,basic,5.0,61.96,0,0,32.0,10.59,2021-08-25,monthly,1
C01139,basic,24.0,43.56,2,2,27.0,17.6,2021-08-26,1 year,0
C01140,standard,40.0,78.12,2,0,23.0,16.74,2021-08-26,1 year,0
C01141,basic,41.0,,2,0,45.0,21.47,2021-08-26,monthly,0
C01142,standard,4.0,66.1,3,1,43.0,24.93,2021-08-26,1 year,0
C01143,premium,34.0,62.71,1,2,56.0,19.05,2021-08-26,1 year,0
C01144,premium,5.0,126.05,0,0,-1.0,9.07,2021-08-27,monthly,1
C01145,basic,2.0,15.0,1,1,70.0,18.75,2021-08-27,1 year,0
C01146,basic,35.0,60.29,2,2,40.0,36.28,2021-08-27,1 year,1
C01147,standard,11.0,69.91,4,0,,29.52,2021-08-27,1 year,0
C01148,premium,32.0,50.47,0,0,25.0,0.5,2021-08-27,1 year,0
C01149,standard,30.0,92.5,0,0,49.0,18.44,2021-08-28,1 year,0
C01150,premium,28.0,90.33,3,1,42.0,24.52,2021-08-28,2 year,1
C01151,basic,18.0,68.81,0,0,49.0,16.72,2021-08-28,2 year,0
C01152,premium,6.0,,2,0,27.0,14.78,2021-08-28,monthly,0
C01153,basic,14.0,67.2,1,0,45.0,16.13,2021-08-29,monthly,1
C01154,basic,41.0,67.38,0,1,43.0,21.87,2021-08-29,2 year,0
C01155,standard,32.0,68.04,1,1,43.0,9.96,2021-08-29,2 year,1
C01156,basic,14.0,65.3,2,0,33.0,26.32,2021-08-29,monthly,1
C01157,basic,14.0,76.31,1,1,55.0,17.61,2021-08-29,monthly,0
C01158,basic,26.0,88.83,0,1,66.0,11.45,2021-08-30,monthly,1
C01159,basic,19.0,39.24,3,0,28.0,25.87,2021-08-30,2 year,0
C01160,standard,15.0,43.73,1,0,50.0,7.18,2021-08-30,2 year,0
C01161,basic,24.0,26.29,3,1,18.0,,2021-08-30,2 year,1
C01162,standard,24.0,91.66,2,1,49.0,,2021-08-30,,1
C01163,premium,10.0,76.26,3,2,19.0,33.01,2021-08-31,2 year,0
C01164,basic,22.0,82.63,2,0,35.0,13.2,2021-08-31,monthly,0
C01165,basic,23.0,34.26,1,0,25.0,2.92,2021-08-31,monthly,0
C01166,premium,17.0,114.62,6,2,38.0,13.93,2021-08-31,monthly,1
C01167,premium,9.0,54.78,0,0,51.0,21.19,2021-08-31,1 year,1
C01168,standard,13.0,74.21,3,0,19.0,,2021-09-01,,0
C01169,premium,8.0,91.36,1,0,-1.0,33.94,2021-09-01,monthly,0
C01170,basic,22.0,45.33,1,1,35.0,27.85,2021-09-01,monthly,0
C01171,basic,4.0,56.34,0,0,60.0,19.32,2021-09-01,2 year,0
C01172,standard,44.0,74.48,1,3,46.0,11.76,2021-09-01,monthly,1
C01173,basic,39.0,141.44,2,2,27.0,29.37,2021-09-02,monthly,1
C01174,standard,23.0,465.18,1,0,35.0,,2021-09-02,monthly,0
C01175,standard,31.0,110.16,2,2,60.0,13.39,2021-09-02,monthly,0
C01176,standard,30.0,100.14,1,2,50.0,15.08,2021-09-02,monthly,1
C01177,standard,19.0,79.2,0,1,30.0,9.23,2021-09-03,1 year,1
C01178,basic,15.0,45.27,1,0,38.0,14.74,2021-09-03,monthly,0
C01179,basic,14.0,96.49,2,1,38.0,16.37,2021-09-03,monthly,1
C01180,basic,45.0,32.55,1,1,35.0,,2021-09-03,2 year,0
C01181,standard,9.0,110.02,1,1,20.0,15.28,2021-09-03,monthly,0
C01182,basic,9.0,75.0,3,0,33.0,9.13,2021-09-04,1 year,1
C01183,basic,33.0,15.0,0,1,58.0,6.77,2021-09-04,monthly,0
C01184,basic,31.0,61.49,1,2,36.0,19.47,2021-09-04,2 year,0
C01185,basic,14.0,86.35,2,0,,18.51,2021-09-04,monthly,1
C01186,premium,25.0,,0,0,43.0,14.12,2021-09-04,1 year,0
C01187,basic,27.0,87.88,1,1,68.0,14.73,2021-09-05,1 year,1
C01188,premium,6.0,48.75,0,0,41.0,20.72,2021-09-05,1 year,0
C01189,basic,40.0,37.35,2,1,54.0,27.73,2021-09-05,2 year,0
C01190,standard,27.0,68.21,0,1,34.0,12.54,2021-09-05,monthly,0
C01191,basic,24.0,70.79,2,0,38.0,18.62,2021-09-05,monthly,0
C01192,basic,27.0,61.29,1,0,41.0,24.71,2021-09-06,2 year,0
C01193,premium,22.0,100.68,1,2,32.0,12.57,2021-09-06,2 year,0
C01194,premium,16.0,48.74,4,1,39.0,17.89,2021-09-06,monthly,0
C01195,premium,19.0,77.83,2,0,52.0,17.73,2021-09-06,1 year,0
C01196,basic,5.0,71.7,2,1,31.0,8.82,2021-09-06,1 year,1
C01197,basic,57.0,31.08,4,0,41.0,19.18,2021-09-07,1 year,0
C01198,standard,16.0,37.02,0,1,50.0,18.22,2021-09-07,2 year,0
C01199,basic,56.0,70.3,1,0,-1.0,21.89,2021-09-07,2 year,1
C01200,standard,19.0,119.53,2,0,54.0,9.69,2021-09-07,monthly,0
C01179,basic,14.0,96.49,2,1,38.0,16.37,2021-09-03,monthly,1
C00866,premium,31.0,84.75,2,0,37.0,13.72,2021-06-30,1 year,0
C00102,standard,22.0,87.96,0,1,44.0,12.1,2021-01-22,monthly,0
C00440,standard,10.0,,1,2,39.0,11.67,2021-04-02,1 year,1
C00059,basic,22.0,60.17,2,0,26.0,23.96,2021-01-13,monthly,0
C01121,standard,22.0,83.79,2,1,31.0,37.76,2021-08-22,monthly,0
C00324,standard,28.0,58.11,0,1,45.0,12.11,2021-03-09,monthly,0
C00975,basic,55.0,64.31,0,1,65.0,6.51,2021-07-22,2 year,0
C00412,standard,20.0,76.33,1,1,68.0,15.74,2021-03-27,2 year,0
C00856,standard,29.0,72.53,1,2,32.0,14.18,2021-06-28,1 year,0
C00821,basic,70.0,27.56,1,0,24.0,17.37,2021-06-20,1 year,0
C00045,premium,32.0,66.82,0,1,59.0,,2021-01-10,monthly,0
