property_id,area_sqm,rooms,building_age,distance_center_km,quality_score,city,heating,sale_date,price
P00001,140.1,2,23,2.63,2.0,Istanbul,gas,2022-01-01,287366.0
P00002,153.4,6,46,7.95,,Ankara,gas,2022-01-01,353161.0
P00003,127.7,0,29,0.36,8.0,Izmir,electric,2022-01-01,656396.0
P00004,99.9,2,34,2.24,10.0,Istanbul,none,2022-01-02,558415.0
P00005,119.5,6,22,1.09,10.0,Izmir,electric,2022-01-02,681120.0
P00006,95.4,6,23,1.44,2.0,Istanbul,gas,2022-01-02,318668.0
P00007,142.7,6,38,5.48,7.0,Istanbul,gas,2022-01-03,641001.0
P00008,200.3,3,65,7.1,9.0,Istanbul,none,2022-01-03,569393.0
P00009,117.9,6,29,1.59,8.0,Istanbul,gas,2022-01-03,588392.0
P00010,112.1,2,59,3.93,5.0,Bursa,electric,2022-01-04,335639.0
P00011,162.0,3,78,13.41,8.0,Istanbul,electric,2022-01-04,338387.0
P00012,156.1,4,10,5.02,,Istanbul,none,2022-01-04,441883.0
P00013,144.7,3,74,10.58,2.0,Ankara,electric,2022-01-05,258137.0
P00014,98.1,1,23,8.34,9.0,Ankara,gas,2022-01-05,436856.0
P00015,138.7,0,7,8.94,2.0,Bursa,gas,2022-01-05,323680.0
P00016,171.3,3,65,3.1,7.0,Ankara,none,2022-01-06,561979.0
P00017,79.5,5,0,5.28,,Izmir,gas,2022-01-06,330957.0
P00018,119.4,2,79,16.4,10.0,Istanbul,gas,2022-01-06,364961.0
P00019,54.4,2,16,2.05,4.0,Ankara,gas,2022-01-07,241837.0
P00020,82.0,5,48,9.4,9.0,Istanbul,gas,2022-01-07,396321.0
P00021,57.1,0,19,2.45,3.0,Izmir,gas,2022-01-07,277561.0
P00022,129.4,4,69,4.21,2.0,Ankara,electric,2022-01-08,312464.0
P00023,83.0,4,56,6.28,4.0,Istanbul,gas,2022-01-08,259606.0
P00024,152.2,6,78,2.92,6.0,Izmir,electric,2022-01-08,550327.0
P00025,147.1,6,63,3.35,10.0,Ankara,gas,2022-01-09,578661.0
P00026,131.6,6,59,1.33,8.0,Ankara,gas,2022-01-09,653496.0
P00027,35.0,6,75,3.61,5.0,Istanbul,electric,2022-01-09,368677.0
P00028,115.8,2,51,1.13,1.0,Bursa,gas,2022-01-10,287587.0
P00029,137.8,5,16,5.44,4.0,Ankara,gas,2022-01-10,399779.0
P00030,145.1,2,17,4.38,,Izmir,gas,2022-01-10,413998.0
P00031,71.1,6,52,8.47,5.0,Istanbul,electric,2022-01-11,288695.0
P00032,118.5,6,29,3.28,10.0,Ankara,electric,2022-01-11,605588.0
P00033,96.0,3,60,8.4,3.0,Istanbul,gas,2022-01-11,205395.0
P00034,103.6,4,49,8.95,3.0,Ankara,electric,2022-01-12,186491.0
P00035,187.7,1,3,9.34,3.0,Ankara,gas,2022-01-12,374363.0
P00036,103.7,1,74,6.93,2.0,Izmir,gas,2022-01-12,175336.0
P00037,,2,77,5.59,2.0,Bursa,electric,2022-01-13,124764.0
P00038,179.8,1,24,4.94,3.0,Istanbul,gas,2022-01-13,377111.0
P00039,113.7,3,22,2.72,3.0,Izmir,electric,2022-01-13,292706.0
P00040,135.0,6,31,3.83,4.0,Istanbul,gas,2022-01-14,378162.0
P00041,145.0,5,64,3.88,8.0,Istanbul,gas,2022-01-14,531367.0
P00042,142.9,4,1,14.77,3.0,Istanbul,electric,2022-01-14,226864.0
P00043,84.9,5,14,1.25,9.0,Istanbul,gas,2022-01-15,619936.0
P00044,143.4,1,55,3.22,5.0,Izmir,gas,2022-01-15,303904.0
P00045,201.1,4,33,4.87,2.0,Ankara,gas,2022-01-15,470601.0
P00046,70.4,4,35,1.7,9.0,Istanbul,gas,2022-01-16,590494.0
P00047,178.7,1,74,6.73,3.0,Izmir,electric,2022-01-16,316945.0
P00048,145.4,4,63,2.3,6.0,Bursa,electric,2022-01-16,511035.0
P00049,111.1,4,8,5.22,1.0,Ankara,gas,2022-01-17,239937.0
P00050,230.0,3,18,4.1,6.0,Ankara,gas,2022-01-17,577457.0
P00051,174.3,6,20,6.16,8.0,Izmir,gas,2022-01-17,663410.0
P00052,86.0,6,52,1.17,2.0,Istanbul,electric,2022-01-18,315789.0
P00053,143.4,3,34,5.09,,Bursa,gas,2022-01-18,440007.0
P00054,166.0,6,53,10.58,1.0,Istanbul,gas,2022-01-18,377910.0
P00055,131.5,2,17,7.38,7.0,Istanbul,gas,2022-01-19,453459.0
P00056,170.7,1,37,3.97,10.0,Izmir,none,2022-01-19,635623.0
P00057,137.0,4,29,4.16,7.0,Istanbul,gas,2022-01-19,582399.0
P00058,170.0,1,15,4.58,4.0,Istanbul,none,2022-01-20,337312.0
P00059,204.7,2,16,3.34,7.0,Ankara,gas,2022-01-20,562599.0
P00060,109.6,3,32,1.89,10.0,Istanbul,gas,2022-01-20,569237.0
P00061,149.1,5,54,4.0,6.0,Istanbul,electric,2022-01-21,468382.0
P00062,119.2,6,59,3.8,4.0,Istanbul,none,2022-01-21,419599.0
P00063,145.7,6,61,14.56,2.0,Istanbul,gas,2022-01-21,182724.0
P00064,86.6,4,15,5.79,7.0,Ankara,electric,2022-01-22,487784.0
P00065,113.9,6,46,15.99,,Ankara,gas,2022-01-22,504247.0
P00066,131.2,5,7,3.89,7.0,Istanbul,none,2022-01-22,582111.0
P00067,180.4,6,10,5.23,10.0,Izmir,none,2022-01-23,731980.0
P00068,191.5,4,37,4.11,1.0,Istanbul,gas,2022-01-23,403576.0
P00069,80.4,1,55,1.92,2.0,Istanbul,none,2022-01-23,200992.0
P00070,104.2,2,18,1.7,1.0,Izmir,gas,2022-01-24,179938.0
P00071,169.1,3,13,3.19,10.0,Istanbul,gas,2022-01-24,706544.0
P00072,50.3,5,64,7.92,5.0,Istanbul,gas,2022-01-24,245989.0
P00073,119.2,3,47,1.51,7.0,Istanbul,gas,2022-01-25,491274.0
P00074,135.6,1,65,1.09,,Istanbul,gas,2022-01-25,337970.0
P00075,,3,7,3.85,1.0,Istanbul,electric,2022-01-25,448406.0
P00076,171.0,5,75,2.32,3.0,Istanbul,gas,2022-01-26,392391.0
P00077,125.3,6,64,2.19,9.0,Istanbul,gas,2022-01-26,614647.0
P00078,123.4,0,67,11.22,2.0,Istanbul,gas,2022-01-26,75947.0
P00079,128.7,2,8,3.8,,Ankara,gas,2022-01-27,579614.0
P00080,208.6,3,51,5.97,4.0,Istanbul,electric,2022-01-27,418934.0
P00081,120.7,3,43,3.71,8.0,Istanbul,gas,2022-01-27,534529.0
P00082,126.3,6,14,6.84,5.0,Istanbul,gas,2022-01-28,451668.0
P00083,155.9,3,73,3.67,4.0,Istanbul,gas,2022-01-28,421497.0
P00084,134.6,4,65,3.42,4.0,Istanbul,electric,2022-01-28,365889.0
P00085,131.1,2,66,6.4,3.0,Ankara,none,2022-01-29,173087.0
P00086,89.9,1,58,3.69,4.0,Izmir,none,2022-01-29,307673.0
P00087,139.5,3,14,9.47,6.0,Izmir,gas,2022-01-29,382651.0
P00088,120.0,3,59,2.12,5.0,Ankara,gas,2022-01-30,449121.0
P00089,192.5,2,36,10.63,7.0,Izmir,gas,2022-01-30,483965.0
P00090,169.4,4,55,1.4,7.0,Izmir,electric,2022-01-30,618726.0
P00091,138.9,2,47,2.76,4.0,Ankara,electric,2022-01-31,444683.0
P00092,170.1,1,66,4.27,,Izmir,electric,2022-01-31,257999.0
P00093,124.7,4,41,1.35,6.0,Istanbul,electric,2022-01-31,546331.0
P00094,187.3,2,23,2.33,10.0,Izmir,gas,2022-02-01,638778.0
P00095,139.8,5,52,6.54,10.0,Ankara,electric,2022-02-01,635862.0
P00096,166.3,1,53,3.17,5.0,Izmir,electric,2022-02-01,405119.0
P00097,81.9,5,23,2.03,10.0,Izmir,electric,2022-02-02,580255.0
P00098,155.6,4,41,6.64,10.0,Istanbul,electric,2022-02-02,611973.0
P00099,64.0,5,53,4.18,4.0,Izmir,electric,2022-02-02,282449.0
P00100,48.4,3,27,5.91,,Istanbul,electric,2022-02-03,152761.0
P00101,126.3,6,13,10.35,6.0,Istanbul,none,2022-02-03,336970.0
P00102,99.5,4,26,3.89,1.0,Ankara,gas,2022-02-03,225338.0
P00103,147.4,6,66,5.02,8.0,Izmir,electric,2022-02-04,534346.0
P00104,241.0,2,12,20.4,1.0,Istanbul,gas,2022-02-04,251487.0
P00105,102.6,6,31,0.4,2.0,Ankara,gas,2022-02-04,339691.0
P00106,111.9,4,39,4.54,10.0,Istanbul,electric,2022-02-05,586815.0
P00107,149.2,6,63,1.95,6.0,Istanbul,none,2022-02-05,524800.0
P00108,162.2,2,29,5.37,5.0,Istanbul,none,2022-02-05,449347.0
P00109,132.1,4,79,1.91,2.0,Ankara,electric,2022-02-06,347627.0
P00110,130.7,6,33,2.66,9.0,Istanbul,electric,2022-02-06,621837.0
P00111,171.6,2,36,1.11,5.0,Izmir,electric,2022-02-06,496058.0
P00112,163.4,6,68,6.64,7.0,Istanbul,electric,2022-02-07,467396.0
P00113,93.5,6,36,3.94,1.0,Istanbul,gas,2022-02-07,260515.0
P00114,136.4,3,54,3.06,1.0,Istanbul,gas,2022-02-07,293618.0
P00115,141.6,5,28,1.5,7.0,Istanbul,electric,2022-02-08,558165.0
P00116,92.5,3,54,8.83,4.0,Bursa,electric,2022-02-08,253953.0
P00117,151.7,4,47,0.68,8.0,Bursa,electric,2022-02-08,519248.0
P00118,101.4,6,78,8.18,4.0,Bursa,gas,2022-02-09,190295.0
P00119,183.7,5,31,5.2,3.0,Istanbul,electric,2022-02-09,386366.0
P00120,148.7,2,17,2.5,5.0,Izmir,electric,2022-02-09,426997.0
P00121,144.0,4,11,4.17,2.0,Istanbul,gas,2022-02-10,351622.0
P00122,113.4,5,40,0.92,8.0,Istanbul,electric,2022-02-10,564778.0
P00123,134.7,4,40,10.06,7.0,Ankara,gas,2022-02-10,406473.0
P00124,50.1,2,7,1.14,1.0,Istanbul,gas,2022-02-11,181343.0
P00125,89.1,5,0,2.39,10.0,Istanbul,electric,2022-02-11,593261.0
P00126,156.3,5,31,7.36,10.0,Bursa,gas,2022-02-11,576229.0
P00127,44.2,4,2,2.81,7.0,Istanbul,gas,2022-02-12,333666.0
P00128,178.1,3,76,4.63,5.0,Izmir,gas,2022-02-12,533795.0
P00129,61.4,4,63,4.5,5.0,Istanbul,electric,2022-02-12,158521.0
P00130,174.1,4,6,2.16,4.0,Istanbul,gas,2022-02-13,507561.0
P00131,102.0,2,62,2.62,,Ankara,electric,2022-02-13,464021.0
P00132,175.1,6,60,12.21,7.0,Istanbul,gas,2022-02-13,497700.0
P00133,145.9,4,58,7.33,9.0,Istanbul,electric,2022-02-14,493127.0
P00134,70.8,1,69,5.93,3.0,Istanbul,gas,2022-02-14,112565.0
P00135,196.2,2,56,4.1,,Istanbul,none,2022-02-14,628157.0
P00136,204.9,5,40,1.79,8.0,Istanbul,gas,2022-02-15,774295.0
P00137,137.0,5,58,1.11,7.0,Istanbul,gas,2022-02-15,513349.0
P00138,127.7,4,63,6.07,,Bursa,electric,2022-02-15,394283.0
P00139,,3,46,2.37,10.0,Izmir,electric,2022-02-16,619463.0
P00140,96.1,3,35,3.11,5.0,Izmir,gas,2022-02-16,400561.0
P00141,189.4,6,45,1.39,4.0,Istanbul,gas,2022-02-16,626204.0
P00142,115.6,3,28,0.7,2.0,Izmir,electric,2022-02-17,298877.0
P00143,137.7,5,32,4.23,5.0,Ankara,gas,2022-02-17,390372.0
P00144,104.3,1,40,1.68,3.0,Ankara,gas,2022-02-17,280356.0
P00145,111.8,4,59,13.59,3.0,Istanbul,gas,2022-02-18,226286.0
P00146,82.5,2,15,11.49,9.0,Istanbul,gas,2022-02-18,379505.0
P00147,196.6,3,34,3.1,8.0,Istanbul,gas,2022-02-18,657080.0
P00148,133.1,4,24,8.52,6.0,Istanbul,none,2022-02-19,514166.0
P00149,183.5,1,12,1.82,,Izmir,gas,2022-02-19,647338.0
P00150,140.6,1,24,8.57,5.0,Ankara,none,2022-02-19,355564.0
P00151,108.8,4,24,14.53,4.0,Ankara,electric,2022-02-20,170534.0
P00152,125.3,5,79,6.17,,Izmir,gas,2022-02-20,478122.0
P00153,114.8,1,31,15.25,3.0,Ankara,electric,2022-02-20,90005.0
P00154,140.4,6,26,0.33,10.0,Istanbul,gas,2022-02-21,804453.0
P00155,123.1,3,31,3.73,1.0,Istanbul,gas,2022-02-21,199633.0
P00156,126.5,6,18,3.17,2.0,Bursa,gas,2022-02-21,347877.0
P00157,78.0,1,73,6.39,6.0,Istanbul,gas,2022-02-22,157103.0
P00158,103.7,6,75,3.97,10.0,Istanbul,electric,2022-02-22,593519.0
P00159,214.4,4,31,6.07,7.0,Ankara,gas,2022-02-22,600408.0
P00160,109.8,5,11,4.42,1.0,Izmir,electric,2022-02-23,288419.0
P00161,92.6,5,1,1.85,9.0,Izmir,gas,2022-02-23,541671.0
P00162,155.2,2,77,1.1,7.0,Izmir,electric,2022-02-23,487351.0
P00163,203.3,2,66,8.07,4.0,Izmir,gas,2022-02-24,428291.0
P00164,74.6,6,68,2.15,3.0,Istanbul,gas,2022-02-24,278930.0
P00165,130.6,3,46,5.89,3.0,Istanbul,none,2022-02-24,313513.0
P00166,111.6,2,51,5.16,3.0,Ankara,electric,2022-02-25,259278.0
P00167,60.8,4,61,2.61,1.0,Istanbul,gas,2022-02-25,125415.0
P00168,173.1,6,34,0.88,5.0,Izmir,gas,2022-02-25,519540.0
P00169,138.9,2,66,4.68,4.0,Istanbul,gas,2022-02-26,360844.0
P00170,143.2,6,15,9.15,7.0,Istanbul,electric,2022-02-26,512719.0
P00171,,1,35,1.01,8.0,Bursa,gas,2022-02-26,514660.0
P00172,160.5,4,8,18.47,5.0,Istanbul,electric,2022-02-27,192017.0
P00173,115.7,3,61,4.41,5.0,Ankara,electric,2022-02-27,268809.0
P00174,133.6,4,8,5.4,8.0,Istanbul,none,2022-02-27,447802.0
P00175,90.1,4,40,9.85,8.0,Bursa,gas,2022-02-28,331023.0
P00176,85.3,2,27,11.58,10.0,Istanbul,gas,2022-02-28,426383.0
P00177,200.1,1,79,5.13,6.0,Ankara,electric,2022-02-28,487598.0
P00178,117.2,4,32,6.92,2.0,Izmir,gas,2022-03-01,240788.0
P00179,153.1,6,11,2.29,6.0,Istanbul,gas,2022-03-01,597282.0
P00180,138.5,2,73,4.0,3.0,Istanbul,gas,2022-03-01,315798.0
P00181,120.1,4,44,1.23,,Istanbul,gas,2022-03-02,422620.0
P00182,117.1,1,42,6.46,7.0,Istanbul,electric,2022-03-02,381978.0
P00183,168.4,3,50,5.86,3.0,Izmir,electric,2022-03-02,356435.0
P00184,126.4,1,79,5.95,5.0,Ankara,gas,2022-03-03,180782.0
P00185,133.2,1,2,6.26,1.0,Izmir,none,2022-03-03,186716.0
P00186,141.0,5,57,0.55,4.0,Ankara,gas,2022-03-03,517394.0
P00187,192.9,6,36,3.38,10.0,Ankara,gas,2022-03-04,758383.0
P00188,170.6,6,11,1.76,6.0,Istanbul,gas,2022-03-04,624382.0
P00189,157.2,5,72,3.05,6.0,Istanbul,gas,2022-03-04,483132.0
P00190,114.6,1,44,5.97,7.0,Bursa,gas,2022-03-05,343392.0
P00191,77.8,6,73,10.71,9.0,Bursa,electric,2022-03-05,438291.0
P00192,182.7,1,12,3.42,10.0,Istanbul,gas,2022-03-05,656748.0
P00193,183.5,2,54,2.11,1.0,Izmir,gas,2022-03-06,286045.0
P00194,133.7,2,3,2.65,10.0,Izmir,gas,2022-03-06,482141.0
P00195,164.4,5,78,3.62,3.0,Istanbul,none,2022-03-06,369621.0
P00196,175.2,1,75,3.37,9.0,Istanbul,electric,2022-03-07,472740.0
P00197,177.4,6,70,4.7,1.0,Izmir,gas,2022-03-07,273757.0
P00198,181.5,2,27,6.53,4.0,Bursa,gas,2022-03-07,436165.0
P00199,119.5,6,55,0.81,4.0,Bursa,gas,2022-03-08,469335.0
P00200,208.2,4,15,0.75,9.0,Istanbul,gas,2022-03-08,693688.0
P00201,83.9,2,67,2.15,4.0,Istanbul,none,2022-03-08,292793.0
P00202,178.8,3,8,2.46,8.0,Istanbul,none,2022-03-09,668371.0
P00203,162.2,1,58,10.53,4.0,Istanbul,gas,2022-03-09,220598.0
P00204,179.3,3,52,3.16,2.0,Bursa,gas,2022-03-09,403610.0
P00205,224.6,5,23,7.67,8.0,Istanbul,gas,2022-03-10,609251.0
P00206,206.8,2,36,1.48,10.0,Izmir,gas,2022-03-10,687441.0
P00207,88.5,6,37,19.18,9.0,Istanbul,gas,2022-03-10,247455.0
P00208,64.0,4,0,8.05,3.0,Bursa,gas,2022-03-11,146450.0
P00209,176.8,3,4,1.53,9.0,Ankara,electric,2022-03-11,739159.0
P00210,94.3,2,57,3.46,7.0,Izmir,gas,2022-03-11,316571.0
P00211,,5,54,14.02,5.0,Ankara,electric,2022-03-12,240287.0
P00212,177.8,3,20,5.52,7.0,Izmir,electric,2022-03-12,508392.0
P00213,66.0,6,35,2.56,6.0,Istanbul,gas,2022-03-12,417748.0
P00214,45.1,3,62,7.69,10.0,Istanbul,gas,2022-03-13,340655.0
P00215,151.7,5,54,5.66,3.0,Istanbul,gas,2022-03-13,402308.0
P00216,142.0,0,39,0.45,7.0,Izmir,electric,2022-03-13,579734.0
P00217,128.9,6,69,16.69,2.0,Bursa,electric,2022-03-14,69616.0
P00218,141.7,2,42,8.37,10.0,Izmir,electric,2022-03-14,493085.0
P00219,101.3,3,0,3.8,4.0,Ankara,gas,2022-03-14,344867.0
P00220,71.9,5,36,2.54,1.0,Istanbul,gas,2022-03-15,164872.0
P00221,,3,19,2.07,8.0,Bursa,electric,2022-03-15,572681.0
P00222,,2,54,0.54,1.0,Ankara,electric,2022-03-15,280102.0
P00223,66.0,4,8,4.46,2.0,Ankara,gas,2022-03-16,182308.0
P00224,162.8,6,79,2.25,,Izmir,electric,2022-03-16,397743.0
P00225,137.2,3,48,1.35,4.0,Istanbul,gas,2022-03-16,462025.0
P00226,158.3,3,63,2.06,6.0,Ankara,electric,2022-03-17,461728.0
P00227,95.5,5,36,15.3,6.0,Ankara,gas,2022-03-17,209354.0
P00228,110.4,4,5,2.25,5.0,Izmir,electric,2022-03-17,388697.0
P00229,95.0,2,34,8.63,9.0,Istanbul,gas,2022-03-18,414365.0
P00230,100.1,6,39,10.84,1.0,Izmir,none,2022-03-18,175018.0
P00231,148.8,4,33,4.4,2.0,Bursa,none,2022-03-18,328785.0
P00232,104.8,5,18,7.09,3.0,Ankara,none,2022-03-19,291225.0
P00233,156.0,5,16,1.61,2.0,Istanbul,electric,2022-03-19,484861.0
P00234,155.3,1,8,3.07,6.0,Bursa,gas,2022-03-19,514504.0
P00235,231.1,6,39,4.51,8.0,Istanbul,none,2022-03-20,685378.0
P00236,77.3,1,15,1.72,5.0,Istanbul,electric,2022-03-20,310557.0
P00237,180.0,1,50,1.81,6.0,Izmir,electric,2022-03-20,505558.0
P00238,136.0,6,19,14.25,8.0,Ankara,electric,2022-03-21,481309.0
P00239,139.4,2,34,9.29,8.0,Istanbul,gas,2022-03-21,417823.0
P00240,74.8,1,76,3.92,5.0,Izmir,electric,2022-03-21,189238.0
P00241,119.3,5,41,1.56,8.0,Ankara,electric,2022-03-22,546688.0
P00242,173.4,2,59,4.49,9.0,Istanbul,gas,2022-03-22,496576.0
P00243,136.3,3,54,1.59,5.0,Istanbul,gas,2022-03-22,426522.0
P00244,143.6,6,68,3.37,8.0,Izmir,gas,2022-03-23,554734.0
P00245,126.9,4,4,4.15,,Izmir,gas,2022-03-23,536327.0
P00246,192.0,1,55,4.59,5.0,Istanbul,none,2022-03-23,391684.0
P00247,139.0,5,19,2.36,5.0,Ankara,gas,2022-03-24,476799.0
P00248,41.0,1,25,7.08,4.0,Izmir,gas,2022-03-24,73651.0
P00249,108.9,2,72,9.85,9.0,Istanbul,electric,2022-03-24,320004.0
P00250,51.4,2,31,3.02,3.0,Istanbul,gas,2022-03-25,207357.0
P00251,35.0,6,41,4.75,3.0,Istanbul,gas,2022-03-25,178430.0
P00252,116.1,1,35,2.72,3.0,Bursa,electric,2022-03-25,291218.0
P00253,200.0,4,8,4.77,2.0,Izmir,gas,2022-03-26,393337.0
P00254,142.1,3,23,10.13,4.0,Istanbul,electric,2022-03-26,303935.0
P00255,87.2,4,12,2.58,8.0,Izmir,electric,2022-03-26,421884.0
P00256,97.7,4,33,2.22,4.0,Ankara,gas,2022-03-27,329613.0
P00257,190.9,1,0,3.5,2.0,Istanbul,gas,2022-03-27,364757.0
P00258,147.1,2,61,3.07,2.0,Istanbul,gas,2022-03-27,308295.0
P00259,142.2,4,42,4.82,5.0,Istanbul,gas,2022-03-28,430114.0
P00260,137.6,1,6,4.28,5.0,Istanbul,none,2022-03-28,380394.0
P00261,141.7,5,79,0.55,4.0,Istanbul,electric,2022-03-28,473617.0
P00262,176.2,5,22,8.99,2.0,Istanbul,electric,2022-03-29,355337.0
P00263,164.9,4,27,3.03,5.0,Izmir,gas,2022-03-29,527324.0
P00264,149.7,5,38,3.75,9.0,Izmir,gas,2022-03-29,663604.0
P00265,93.1,3,42,2.55,5.0,Ankara,electric,2022-03-30,342577.0
P00266,163.0,4,54,9.3,6.0,Bursa,gas,2022-03-30,406166.0
P00267,109.2,3,42,8.08,8.0,Ankara,gas,2022-03-30,420338.0
P00268,189.2,1,51,4.4,1.0,Bursa,electric,2022-03-31,267992.0
P00269,82.8,2,24,5.85,6.0,Izmir,gas,2022-03-31,327147.0
P00270,133.8,4,57,4.99,4.0,Ankara,electric,2022-03-31,402526.0
P00271,139.7,1,68,2.12,5.0,Ankara,electric,2022-04-01,406814.0
P00272,80.4,4,8,3.33,3.0,Izmir,gas,2022-04-01,270393.0
P00273,217.5,2,9,10.91,2.0,Izmir,electric,2022-04-01,279949.0
P00274,205.7,3,14,6.14,2.0,Izmir,gas,2022-04-02,403050.0
P00275,119.1,6,26,17.31,7.0,Istanbul,none,2022-04-02,321710.0
P00276,174.7,6,24,6.19,5.0,Istanbul,gas,2022-04-02,569704.0
P00277,157.0,3,62,1.07,1.0,Istanbul,electric,2022-04-03,295561.0
P00278,35.0,3,22,5.62,2.0,Bursa,none,2022-04-03,89437.0
P00279,151.3,5,70,3.44,8.0,Bursa,electric,2022-04-03,602642.0
P00280,137.2,4,60,1.03,2.0,Istanbul,gas,2022-04-04,318046.0
P00281,143.7,5,75,1.01,9.0,Istanbul,gas,2022-04-04,618841.0
P00282,91.5,1,79,9.1,8.0,Istanbul,electric,2022-04-04,358072.0
P00283,127.9,5,5,7.69,7.0,Bursa,gas,2022-04-05,551154.0
P00284,132.0,4,54,1.94,5.0,Ankara,gas,2022-04-05,464036.0
P00285,193.5,2,69,3.05,2.0,Bursa,gas,2022-04-05,370335.0
P00286,155.0,5,2,3.62,7.0,Ankara,none,2022-04-06,553348.0
P00287,139.8,4,13,6.47,5.0,Ankara,gas,2022-04-06,443763.0
P00288,208.8,5,23,4.89,5.0,Izmir,gas,2022-04-06,582283.0
P00289,115.0,5,16,10.8,8.0,Izmir,electric,2022-04-07,452416.0
P00290,122.5,2,64,2.86,6.0,Izmir,gas,2022-04-07,366546.0
P00291,58.2,5,10,11.88,1.0,Istanbul,none,2022-04-07,62980.0
P00292,210.6,6,73,7.1,4.0,Ankara,gas,2022-04-08,480498.0
P00293,183.4,4,28,4.75,7.0,Bursa,gas,2022-04-08,599706.0
P00294,181.3,5,47,4.43,5.0,Ankara,gas,2022-04-08,579521.0
P00295,170.1,5,32,6.08,2.0,Izmir,gas,2022-04-09,386292.0
P00296,145.0,3,27,7.58,5.0,Ankara,none,2022-04-09,302326.0
P00297,149.7,5,69,3.29,4.0,Izmir,gas,2022-04-09,374296.0
P00298,128.7,3,28,2.9,4.0,Istanbul,gas,2022-04-10,307620.0
P00299,130.8,6,78,3.35,3.0,Istanbul,none,2022-04-10,323291.0
P00300,142.4,5,50,3.02,9.0,Istanbul,gas,2022-04-10,641063.0
P00301,208.0,4,28,7.83,6.0,Istanbul,electric,2022-04-11,563671.0
P00302,165.0,2,69,6.77,3.0,Istanbul,none,2022-04-11,262312.0
P00303,137.4,5,22,0.78,8.0,Bursa,none,2022-04-11,639585.0
P00304,113.9,4,27,2.72,3.0,Bursa,gas,2022-04-12,305826.0
P00305,111.4,4,71,1.4,3.0,Istanbul,gas,2022-04-12,251718.0
P00306,212.1,5,15,3.44,4.0,Izmir,gas,2022-04-12,513414.0
P00307,162.8,6,70,2.93,10.0,Ankara,electric,2022-04-13,657356.0
P00308,143.0,4,0,2.18,8.0,Izmir,gas,2022-04-13,678404.0
P00309,124.4,3,0,6.34,,Istanbul,gas,2022-04-13,398475.0
P00310,90.1,6,10,2.86,9.0,Izmir,gas,2022-04-14,637924.0
P00311,137.0,4,49,4.73,9.0,Istanbul,gas,2022-04-14,618979.0
P00312,179.3,3,68,3.39,6.0,Ankara,electric,2022-04-14,494345.0
P00313,122.3,2,67,6.36,9.0,Istanbul,gas,2022-04-15,446097.0
P00314,129.8,3,49,6.17,4.0,Istanbul,gas,2022-04-15,285197.0
P00315,130.1,6,51,3.26,4.0,Istanbul,gas,2022-04-15,419962.0
P00316,144.9,2,79,5.51,,Istanbul,gas,2022-04-16,444453.0
P00317,68.3,6,75,4.58,10.0,Ankara,gas,2022-04-16,496927.0
P00318,129.4,6,5,10.42,9.0,Ankara,gas,2022-04-16,588652.0
P00319,101.6,6,44,2.13,10.0,Izmir,electric,2022-04-17,674262.0
P00320,179.8,2,29,4.73,3.0,Izmir,gas,2022-04-17,397749.0
P00321,105.3,5,10,4.0,5.0,Bursa,electric,2022-04-17,432988.0
P00322,166.0,5,63,3.48,,Ankara,gas,2022-04-18,560786.0
P00323,208.6,0,43,14.3,10.0,Istanbul,gas,2022-04-18,647532.0
P00324,125.9,3,52,5.11,8.0,Ankara,gas,2022-04-18,420800.0
P00325,112.9,0,41,8.4,10.0,Istanbul,none,2022-04-19,524271.0
P00326,148.6,6,5,8.73,4.0,Istanbul,gas,2022-04-19,422958.0
P00327,139.9,6,69,5.06,7.0,Istanbul,gas,2022-04-19,470792.0
P00328,95.3,6,32,5.22,2.0,Istanbul,electric,2022-04-20,366736.0
P00329,160.7,1,17,2.12,3.0,Ankara,gas,2022-04-20,332258.0
P00330,230.7,1,51,2.35,7.0,Istanbul,gas,2022-04-20,580753.0
P00331,,1,24,4.39,3.0,Ankara,gas,2022-04-21,289806.0
P00332,130.9,6,55,7.64,3.0,Istanbul,electric,2022-04-21,228121.0
P00333,93.0,3,40,12.2,2.0,Istanbul,gas,2022-04-21,52466.0
P00334,154.4,4,36,1.36,4.0,Istanbul,none,2022-04-22,394220.0
P00335,83.9,3,7,5.76,3.0,Bursa,gas,2022-04-22,192528.0
P00336,90.2,1,15,7.97,,Ankara,gas,2022-04-22,270959.0
P00337,197.6,6,69,2.53,6.0,Istanbul,electric,2022-04-23,627571.0
P00338,99.3,0,77,2.17,10.0,Ankara,gas,2022-04-23,570000.0
P00339,188.7,2,44,1.02,7.0,Izmir,gas,2022-04-23,628504.0
P00340,208.6,1,37,6.32,,Istanbul,gas,2022-04-24,396182.0
P00341,151.7,1,14,3.95,5.0,Istanbul,gas,2022-04-24,437183.0
P00342,164.9,4,57,5.53,1.0,Istanbul,none,2022-04-24,265131.0
P00343,227.9,5,51,2.11,6.0,Ankara,gas,2022-04-25,718265.0
P00344,131.1,2,42,4.27,6.0,Izmir,electric,2022-04-25,381868.0
P00345,113.3,4,21,7.96,9.0,Istanbul,gas,2022-04-25,465654.0
P00346,79.1,3,6,4.22,10.0,Istanbul,none,2022-04-26,585957.0
P00347,141.9,4,77,6.89,10.0,Istanbul,gas,2022-04-26,583696.0
P00348,206.6,2,18,8.94,1.0,Ankara,gas,2022-04-26,310925.0
P00349,183.2,6,52,4.68,1.0,Istanbul,electric,2022-04-27,414076.0
P00350,97.6,4,5,6.08,,Ankara,gas,2022-04-27,471023.0
P00351,101.5,2,54,8.02,10.0,Izmir,electric,2022-04-27,374127.0
P00352,117.3,5,15,7.69,1.0,Izmir,electric,2022-04-28,223633.0
P00353,153.2,4,55,9.66,9.0,Ankara,electric,2022-04-28,455820.0
P00354,130.8,6,16,4.52,6.0,Istanbul,electric,2022-04-28,516191.0
P00355,149.7,6,39,3.56,6.0,Istanbul,electric,2022-04-29,508243.0
P00356,153.4,2,33,15.29,2.0,Istanbul,gas,2022-04-29,195571.0
P00357,126.6,5,40,4.66,5.0,Ankara,electric,2022-04-29,442728.0
P00358,138.2,4,25,6.19,7.0,Istanbul,gas,2022-04-30,448427.0
P00359,149.3,3,27,13.92,8.0,Istanbul,electric,2022-04-30,402319.0
P00360,136.2,1,29,0.31,4.0,Bursa,gas,2022-04-30,331507.0
P00361,162.7,5,50,3.14,7.0,Izmir,electric,2022-05-01,576019.0
P00362,224.2,3,65,0.37,7.0,Istanbul,electric,2022-05-01,693592.0
P00363,166.6,1,29,9.21,8.0,Izmir,gas,2022-05-01,471033.0
P00364,142.5,6,1,17.28,3.0,Istanbul,electric,2022-05-02,153166.0
P00365,64.1,3,15,3.59,10.0,Istanbul,gas,2022-05-02,476491.0
P00366,157.5,1,8,6.11,1.0,Bursa,gas,2022-05-02,264932.0
P00367,52.4,3,50,6.9,1.0,Bursa,electric,2022-05-03,61054.0
P00368,76.6,6,64,0.65,2.0,Ankara,gas,2022-05-03,328111.0
P00369,178.5,5,16,3.14,1.0,Izmir,gas,2022-05-03,347398.0
P00370,171.8,4,42,5.36,3.0,Istanbul,none,2022-05-04,414015.0
P00371,133.3,2,38,1.15,6.0,Izmir,gas,2022-05-04,428594.0
P00372,63.0,2,35,2.7,2.0,Istanbul,gas,2022-05-04,167715.0
P00373,123.3,0,70,8.94,4.0,Istanbul,electric,2022-05-05,236510.0
P00374,109.5,5,21,5.97,2.0,Istanbul,gas,2022-05-05,302906.0
P00375,168.7,5,49,1.56,9.0,Ankara,electric,2022-05-05,659579.0
P00376,241.6,2,43,1.8,6.0,Ankara,gas,2022-05-06,646930.0
P00377,149.8,2,70,5.81,7.0,Bursa,electric,2022-05-06,374314.0
P00378,104.9,6,17,1.17,5.0,Istanbul,gas,2022-05-06,412012.0
P00379,87.3,6,74,2.15,6.0,Izmir,electric,2022-05-07,440739.0
P00380,137.5,1,68,3.79,9.0,Bursa,electric,2022-05-07,488384.0
P00381,132.0,2,35,7.92,10.0,Izmir,gas,2022-05-07,435987.0
P00382,88.2,1,65,2.53,5.0,Istanbul,gas,2022-05-08,233457.0
P00383,145.2,3,51,3.28,5.0,Istanbul,electric,2022-05-08,420590.0
P00384,88.2,5,25,4.58,6.0,Istanbul,gas,2022-05-08,472933.0
P00385,190.0,4,68,2.9,6.0,Istanbul,none,2022-05-09,597781.0
P00386,187.8,3,1,3.39,8.0,Izmir,electric,2022-05-09,689626.0
P00387,188.8,2,11,11.12,3.0,Istanbul,gas,2022-05-09,238254.0
P00388,118.7,1,71,11.83,9.0,Istanbul,gas,2022-05-10,329268.0
P00389,163.2,5,63,5.52,1.0,Istanbul,gas,2022-05-10,321025.0
P00390,134.1,4,23,5.18,6.0,Ankara,electric,2022-05-10,474002.0
P00391,122.5,1,78,5.0,10.0,Istanbul,gas,2022-05-11,493402.0
P00392,124.7,2,52,9.96,,Izmir,gas,2022-05-11,97221.0
P00393,81.5,5,19,3.26,9.0,Ankara,electric,2022-05-11,609175.0
P00394,75.0,4,68,8.3,5.0,Istanbul,gas,2022-05-12,291135.0
P00395,175.7,5,79,7.31,9.0,Ankara,electric,2022-05-12,580748.0
P00396,131.4,5,63,12.35,1.0,Istanbul,electric,2022-05-12,95863.0
P00397,149.7,1,49,7.98,,Ankara,gas,2022-05-13,559488.0
P00398,185.1,6,69,3.13,7.0,Ankara,gas,2022-05-13,594604.0
P00399,62.0,4,64,5.56,7.0,Istanbul,gas,2022-05-13,375824.0
P00400,104.7,1,39,5.45,1.0,Istanbul,none,2022-05-14,214896.0
P00401,147.9,6,60,2.04,4.0,Izmir,gas,2022-05-14,420534.0
P00402,157.6,4,67,2.99,6.0,Izmir,gas,2022-05-14,505050.0
P00403,123.0,2,2,1.51,3.0,Izmir,none,2022-05-15,336739.0
P00404,186.3,6,36,0.94,2.0,Ankara,gas,2022-05-15,517395.0
P00405,149.5,1,74,6.46,7.0,Izmir,electric,2022-05-15,405324.0
P00406,85.4,3,21,1.33,,Istanbul,gas,2022-05-16,607761.0
P00407,98.1,1,49,4.64,2.0,Bursa,gas,2022-05-16,184826.0
P00408,176.2,5,38,2.41,1.0,Istanbul,none,2022-05-16,391868.0
P00409,160.9,5,46,8.31,3.0,Izmir,gas,2022-05-17,395540.0
P00410,54.5,1,26,5.48,7.0,Izmir,gas,2022-05-17,265708.0
P00411,200.6,2,50,5.62,5.0,Istanbul,gas,2022-05-17,446796.0
P00412,166.9,6,61,7.5,8.0,Izmir,electric,2022-05-18,667118.0
P00413,200.5,2,59,4.55,10.0,Bursa,electric,2022-05-18,623889.0
P00414,122.7,4,66,1.51,3.0,Istanbul,gas,2022-05-18,316238.0
P00415,126.7,4,20,4.28,7.0,Ankara,gas,2022-05-19,499190.0
P00416,89.3,6,11,5.58,,Istanbul,gas,2022-05-19,376968.0
P00417,254.2,5,43,4.0,9.0,Ankara,electric,2022-05-19,713257.0
P00418,132.1,5,13,5.15,4.0,Istanbul,gas,2022-05-20,455696.0
P00419,211.4,1,50,1.37,2.0,Ankara,electric,2022-05-20,375093.0
P00420,110.9,6,30,4.99,3.0,Istanbul,none,2022-05-20,316729.0
P00421,147.4,3,57,15.44,1.0,Istanbul,gas,2022-05-21,66975.0
P00422,64.8,1,37,1.93,3.0,Izmir,none,2022-05-21,143564.0
P00423,122.8,1,44,1.99,9.0,Istanbul,gas,2022-05-21,464566.0
P00424,184.3,5,76,19.53,1.0,Bursa,electric,2022-05-22,122925.0
P00425,83.7,6,50,6.93,2.0,Ankara,gas,2022-05-22,314906.0
P00426,188.3,2,75,13.18,,Istanbul,electric,2022-05-22,414141.0
P00427,155.2,2,19,9.46,3.0,Bursa,electric,2022-05-23,309278.0
P00428,93.0,2,77,1.1,1.0,Istanbul,gas,2022-05-23,93252.0
P00429,117.4,6,17,10.97,6.0,Ankara,electric,2022-05-23,387787.0
P00430,119.3,2,58,4.94,2.0,Bursa,gas,2022-05-24,152620.0
P00431,137.8,4,3,2.32,7.0,Bursa,gas,2022-05-24,596587.0
P00432,115.9,4,54,6.68,1.0,Ankara,none,2022-05-24,172862.0
P00433,102.8,3,70,5.5,1.0,Istanbul,gas,2022-05-25,142558.0
P00434,126.3,4,21,6.02,9.0,Ankara,electric,2022-05-25,541495.0
P00435,93.8,2,12,1.42,7.0,Istanbul,gas,2022-05-25,417813.0
P00436,82.0,6,29,15.96,6.0,Istanbul,gas,2022-05-26,170936.0
P00437,137.8,6,5,3.76,6.0,Istanbul,gas,2022-05-26,570629.0
P00438,179.7,1,0,8.08,5.0,Istanbul,gas,2022-05-26,349427.0
P00439,71.2,3,34,0.82,6.0,Istanbul,electric,2022-05-27,323438.0
P00440,140.2,2,66,1.39,,Izmir,electric,2022-05-27,427988.0
P00441,110.8,3,32,6.2,2.0,Istanbul,electric,2022-05-27,185126.0
P00442,96.0,3,22,7.36,9.0,Ankara,electric,2022-05-28,459774.0
P00443,178.4,6,17,2.42,7.0,Istanbul,gas,2022-05-28,710345.0
P00444,116.7,5,6,6.96,7.0,Ankara,gas,2022-05-28,484773.0
P00445,207.4,2,31,2.42,10.0,Ankara,gas,2022-05-29,739378.0
P00446,104.9,4,25,2.67,6.0,Ankara,gas,2022-05-29,440678.0
P00447,157.4,3,35,2.38,9.0,Izmir,gas,2022-05-29,660064.0
P00448,129.8,4,25,1.7,4.0,Ankara,gas,2022-05-30,339873.0
P00449,106.1,6,47,1.14,1.0,Izmir,gas,2022-05-30,315391.0
P00450,166.4,5,57,4.36,6.0,Ankara,electric,2022-05-30,476270.0
P00451,133.0,1,0,8.53,9.0,Izmir,gas,2022-05-31,417360.0
P00452,167.1,4,0,6.72,10.0,Izmir,electric,2022-05-31,665622.0
P00453,137.9,5,22,16.73,7.0,Izmir,none,2022-05-31,333336.0
P00454,91.1,2,18,3.51,6.0,Istanbul,gas,2022-06-01,390791.0
P00455,135.4,5,7,5.52,9.0,Ankara,none,2022-06-01,653511.0
P00456,142.3,1,71,2.12,5.0,Istanbul,electric,2022-06-01,265199.0
P00457,183.1,1,7,4.41,9.0,Izmir,gas,2022-06-02,615275.0
P00458,99.2,3,68,8.05,9.0,Ankara,none,2022-06-02,490113.0
P00459,138.2,3,5,5.15,,Izmir,gas,2022-06-02,611450.0
P00460,62.5,6,50,1.99,1.0,Istanbul,gas,2022-06-03,270110.0
P00461,169.3,5,30,1.71,3.0,Istanbul,gas,2022-06-03,478047.0
P00462,91.3,4,44,2.55,1.0,Ankara,gas,2022-06-03,145307.0
P00463,,0,41,1.54,5.0,Izmir,electric,2022-06-04,270408.0
P00464,137.3,1,17,1.37,8.0,Istanbul,gas,2022-06-04,566726.0
P00465,189.8,2,8,4.7,10.0,Istanbul,electric,2022-06-04,728356.0
P00466,71.4,3,70,1.26,10.0,Istanbul,gas,2022-06-05,457048.0
P00467,91.0,3,58,2.09,1.0,Istanbul,gas,2022-06-05,169593.0
P00468,106.6,3,60,5.52,1.0,Istanbul,gas,2022-06-05,168111.0
P00469,89.2,4,49,0.64,6.0,Istanbul,electric,2022-06-06,341401.0
P00470,157.1,4,41,6.26,1.0,Istanbul,gas,2022-06-06,259531.0
P00471,103.7,3,68,1.66,9.0,Istanbul,gas,2022-06-06,578671.0
P00472,107.5,4,12,1.14,1.0,Istanbul,gas,2022-06-07,387359.0
P00473,166.2,1,48,3.16,6.0,Istanbul,electric,2022-06-07,451127.0
P00474,106.0,6,17,2.69,6.0,Istanbul,electric,2022-06-07,574924.0
P00475,,4,52,3.19,5.0,Izmir,gas,2022-06-08,444130.0
P00476,96.3,3,30,10.22,2.0,Ankara,none,2022-06-08,95908.0
P00477,85.5,3,34,4.31,9.0,Ankara,gas,2022-06-08,363199.0
P00478,57.4,3,26,2.8,6.0,Ankara,gas,2022-06-09,372345.0
P00479,223.8,2,47,5.43,8.0,Istanbul,gas,2022-06-09,607529.0
P00480,125.6,4,4,4.93,7.0,Istanbul,electric,2022-06-09,605157.0
P00481,151.0,6,61,1.69,6.0,Istanbul,gas,2022-06-10,563790.0
P00482,138.6,6,32,2.7,1.0,Bursa,electric,2022-06-10,356034.0
P00483,147.2,2,78,2.4,5.0,Izmir,none,2022-06-10,308849.0
P00484,142.2,5,35,1.3,9.0,Ankara,gas,2022-06-11,721906.0
P00485,225.9,5,9,3.85,3.0,Ankara,gas,2022-06-11,545768.0
P00486,93.2,3,22,2.39,3.0,Izmir,gas,2022-06-11,282333.0
P00487,69.9,5,36,3.5,9.0,Izmir,gas,2022-06-12,391044.0
P00488,94.5,5,30,4.3,6.0,Istanbul,gas,2022-06-12,455608.0
P00489,79.9,1,21,2.35,7.0,Izmir,gas,2022-06-12,419630.0
P00490,173.6,3,26,10.38,4.0,Ankara,electric,2022-06-13,321543.0
P00491,176.9,1,58,4.55,3.0,Istanbul,none,2022-06-13,335594.0
P00492,96.7,6,30,3.47,4.0,Istanbul,none,2022-06-13,394166.0
P00493,77.4,4,12,4.33,10.0,Istanbul,gas,2022-06-14,572382.0
P00494,124.0,2,49,9.83,5.0,Ankara,gas,2022-06-14,267846.0
P00495,202.6,1,59,1.63,6.0,Bursa,electric,2022-06-14,612092.0
P00496,35.0,1,39,6.88,1.0,Izmir,none,2022-06-15,30000.0
P00497,163.7,2,57,1.58,,Istanbul,gas,2022-06-15,575819.0
P00498,91.6,5,15,5.92,5.0,Istanbul,none,2022-06-15,339012.0
P00499,186.8,6,11,1.3,8.0,Istanbul,electric,2022-06-16,626131.0
P00500,91.5,2,63,3.33,3.0,Istanbul,gas,2022-06-16,177192.0
P00501,127.2,3,63,2.26,7.0,Istanbul,gas,2022-06-16,513065.0
P00502,72.2,6,41,2.83,4.0,Izmir,gas,2022-06-17,344039.0
P00503,96.0,1,38,7.64,4.0,Istanbul,gas,2022-06-17,158688.0
P00504,202.4,4,36,8.23,2.0,Ankara,gas,2022-06-17,385642.0
P00505,176.9,4,17,3.98,,Istanbul,electric,2022-06-18,542138.0
P00506,121.9,4,57,2.39,4.0,Bursa,gas,2022-06-18,357015.0
P00507,100.8,6,30,7.45,2.0,Ankara,electric,2022-06-18,271913.0
P00508,54.8,1,60,1.44,7.0,Istanbul,electric,2022-06-19,339941.0
P00509,122.3,2,35,1.02,7.0,Izmir,gas,2022-06-19,445991.0
P00510,138.6,5,67,3.74,10.0,Istanbul,electric,2022-06-19,661717.0
P00511,136.2,2,67,3.71,9.0,Ankara,gas,2022-06-20,596923.0
P00512,135.8,1,64,4.68,2.0,Istanbul,electric,2022-06-20,192948.0
P00513,89.5,3,21,4.02,,Ankara,gas,2022-06-20,216835.0
P00514,137.0,6,53,20.19,9.0,Istanbul,none,2022-06-21,297555.0
P00515,138.3,5,60,2.01,10.0,Istanbul,gas,2022-06-21,563991.0
P00516,198.1,6,57,2.91,7.0,Istanbul,electric,2022-06-21,684731.0
P00517,224.0,2,70,2.23,,Bursa,electric,2022-06-22,616281.0
P00518,133.8,2,12,7.72,2.0,Istanbul,gas,2022-06-22,240894.0
P00519,105.5,1,52,2.1,6.0,Istanbul,electric,2022-06-22,332996.0
P00520,137.1,1,55,1.41,1.0,Istanbul,gas,2022-06-23,220481.0
P00521,112.7,2,28,3.51,8.0,Istanbul,gas,2022-06-23,507048.0
P00522,106.6,0,20,2.45,9.0,Istanbul,gas,2022-06-23,686069.0
P00523,137.4,5,45,5.05,1.0,Istanbul,electric,2022-06-24,266890.0
P00524,93.1,3,20,0.47,3.0,Ankara,gas,2022-06-24,245797.0
P00525,167.3,3,47,7.05,10.0,Ankara,electric,2022-06-24,654057.0
P00526,135.3,1,9,4.87,2.0,Istanbul,gas,2022-06-25,285217.0
P00527,151.3,3,31,2.98,8.0,Ankara,gas,2022-06-25,598012.0
P00528,131.8,3,31,2.37,7.0,Izmir,electric,2022-06-25,511601.0
P00529,107.3,5,58,5.37,7.0,Istanbul,none,2022-06-26,538592.0
P00530,97.3,2,1,3.19,8.0,Istanbul,gas,2022-06-26,475549.0
P00531,129.3,6,29,5.3,3.0,Ankara,none,2022-06-26,394014.0
P00532,115.3,3,52,12.52,9.0,Istanbul,gas,2022-06-27,295213.0
P00533,150.5,1,39,4.2,,Izmir,electric,2022-06-27,356468.0
P00534,139.8,4,59,8.42,6.0,Istanbul,gas,2022-06-27,355012.0
P00535,78.7,4,69,6.15,8.0,Ankara,electric,2022-06-28,375651.0
P00536,143.0,6,62,2.42,4.0,Istanbul,gas,2022-06-28,462704.0
P00537,79.6,4,26,9.48,1.0,Istanbul,electric,2022-06-28,67581.0
P00538,112.3,5,10,6.77,4.0,Izmir,gas,2022-06-29,429139.0
P00539,126.8,2,6,1.74,7.0,Istanbul,gas,2022-06-29,456389.0
P00540,46.6,1,51,5.09,3.0,Izmir,electric,2022-06-29,75066.0
P00541,144.1,4,10,12.9,8.0,Izmir,gas,2022-06-30,457336.0
P00542,146.8,3,67,7.71,7.0,Bursa,none,2022-06-30,361654.0
P00543,132.9,5,46,6.92,7.0,Istanbul,electric,2022-06-30,493387.0
P00544,120.9,3,2,2.84,10.0,Istanbul,none,2022-07-01,645418.0
P00545,,5,63,3.97,3.0,Istanbul,gas,2022-07-01,314016.0
P00546,96.1,6,15,5.6,1.0,Istanbul,electric,2022-07-01,329050.0
P00547,127.9,6,79,2.2,4.0,Bursa,gas,2022-07-02,411431.0
P00548,115.1,1,21,0.74,4.0,Ankara,gas,2022-07-02,361591.0
P00549,,6,44,11.46,1.0,Istanbul,gas,2022-07-02,172387.0
P00550,85.8,4,36,2.31,4.0,Istanbul,gas,2022-07-03,249718.0
P00551,150.6,3,28,11.48,10.0,Izmir,gas,2022-07-03,488964.0
P00552,146.4,6,13,3.49,1.0,Ankara,gas,2022-07-03,352769.0
P00553,133.6,2,4,1.89,,Istanbul,gas,2022-07-04,609773.0
P00554,120.2,3,43,1.5,6.0,Ankara,electric,2022-07-04,481535.0
P00555,164.9,5,78,8.28,10.0,Istanbul,gas,2022-07-04,482581.0
P00556,65.1,2,27,3.1,10.0,Istanbul,gas,2022-07-05,417004.0
P00557,160.7,6,24,1.16,6.0,Istanbul,electric,2022-07-05,525759.0
P00558,150.9,4,52,5.37,3.0,Bursa,electric,2022-07-05,404447.0
P00559,152.8,4,79,4.02,8.0,Ankara,electric,2022-07-06,507809.0
P00560,157.2,2,42,2.38,8.0,Ankara,none,2022-07-06,532065.0
P00561,110.6,1,77,2.27,6.0,Istanbul,electric,2022-07-06,293795.0
P00562,128.3,6,54,2.28,10.0,Istanbul,gas,2022-07-07,698389.0
P00563,168.7,1,63,4.03,10.0,Ankara,none,2022-07-07,567616.0
P00564,159.4,1,19,2.65,3.0,Izmir,gas,2022-07-07,373737.0
P00565,149.3,1,44,1.44,2.0,Bursa,gas,2022-07-08,211640.0
P00566,71.9,2,56,7.99,10.0,Istanbul,gas,2022-07-08,433551.0
P00567,164.2,5,28,9.87,1.0,Istanbul,gas,2022-07-08,285821.0
P00568,192.6,1,58,3.52,8.0,Istanbul,gas,2022-07-09,590309.0
P00569,185.4,1,30,4.08,8.0,Istanbul,gas,2022-07-09,625001.0
P00570,150.5,5,57,8.02,7.0,Izmir,electric,2022-07-09,464382.0
P00571,69.9,1,36,2.32,5.0,Istanbul,gas,2022-07-10,260844.0
P00572,182.4,2,5,5.24,2.0,Istanbul,electric,2022-07-10,395335.0
P00573,133.4,5,7,9.29,6.0,Ankara,electric,2022-07-10,449398.0
P00574,35.0,6,75,3.33,3.0,Ankara,electric,2022-07-11,178278.0
P00575,157.0,3,50,0.5,9.0,Istanbul,gas,2022-07-11,637803.0
P00576,72.9,6,46,1.36,2.0,Istanbul,gas,2022-07-11,252383.0
P00577,81.7,6,61,2.2,4.0,Izmir,gas,2022-07-12,373072.0
P00578,111.4,6,21,3.95,9.0,Istanbul,electric,2022-07-12,636271.0
P00579,197.3,2,29,0.76,,Izmir,electric,2022-07-12,625599.0
P00580,123.3,2,34,0.99,9.0,Istanbul,gas,2022-07-13,644966.0
P00581,152.2,4,52,5.47,2.0,Istanbul,electric,2022-07-13,237575.0
P00582,218.7,1,41,6.4,1.0,Ankara,gas,2022-07-13,307970.0
P00583,211.7,0,21,3.57,5.0,Bursa,electric,2022-07-14,617598.0
P00584,135.3,3,41,8.83,6.0,Istanbul,none,2022-07-14,347087.0
P00585,129.1,6,29,8.58,9.0,Ankara,none,2022-07-14,477317.0
P00586,83.3,6,19,8.1,3.0,Istanbul,electric,2022-07-15,317996.0
P00587,108.7,3,15,1.3,6.0,Istanbul,gas,2022-07-15,479168.0
P00588,159.1,5,21,13.27,8.0,Istanbul,none,2022-07-15,426486.0
P00589,157.8,4,43,1.06,5.0,Bursa,gas,2022-07-16,540225.0
P00590,145.0,1,29,3.1,6.0,Bursa,gas,2022-07-16,390043.0
P00591,184.8,3,33,0.28,10.0,Istanbul,gas,2022-07-16,682075.0
P00592,105.2,0,62,5.11,10.0,Bursa,electric,2022-07-17,537967.0
P00593,137.5,5,55,3.41,10.0,Istanbul,electric,2022-07-17,612967.0
P00594,172.9,6,34,6.42,8.0,Izmir,electric,2022-07-17,568667.0
P00595,166.3,4,46,3.27,6.0,Istanbul,gas,2022-07-18,506225.0
P00596,188.2,0,3,1.32,2.0,Istanbul,none,2022-07-18,476792.0
P00597,157.9,3,32,3.78,,Istanbul,none,2022-07-18,417216.0
P00598,126.1,5,36,1.01,4.0,Istanbul,gas,2022-07-19,438203.0
P00599,156.3,4,23,14.65,8.0,Bursa,none,2022-07-19,464352.0
P00600,94.9,6,16,0.75,6.0,Istanbul,gas,2022-07-19,482488.0
P00601,66.2,6,59,6.4,3.0,Istanbul,gas,2022-07-20,153894.0
P00602,166.1,6,0,1.5,10.0,Istanbul,gas,2022-07-20,726881.0
P00603,137.5,6,78,2.11,1.0,Izmir,electric,2022-07-20,302457.0
P00604,153.9,3,78,2.5,,Istanbul,none,2022-07-21,454441.0
P00605,63.6,6,50,6.92,6.0,Istanbul,none,2022-07-21,361835.0
P00606,123.6,1,23,4.09,2.0,Istanbul,gas,2022-07-21,207318.0
P00607,113.0,3,23,4.44,2.0,Bursa,electric,2022-07-22,298481.0
P00608,101.1,5,42,1.08,3.0,Istanbul,gas,2022-07-22,297547.0
P00609,,4,53,7.21,3.0,Istanbul,gas,2022-07-22,159083.0
P00610,124.9,1,28,3.27,3.0,Ankara,electric,2022-07-23,267225.0
P00611,180.4,5,35,2.78,4.0,Istanbul,gas,2022-07-23,546038.0
P00612,157.1,3,4,10.47,2.0,Ankara,gas,2022-07-23,290178.0
P00613,113.0,5,70,7.72,5.0,Bursa,gas,2022-07-24,309895.0
P00614,139.3,6,72,4.24,4.0,Ankara,electric,2022-07-24,419064.0
P00615,174.1,2,20,6.98,5.0,Ankara,electric,2022-07-24,374341.0
P00616,35.0,4,74,1.39,3.0,Bursa,gas,2022-07-25,172106.0
P00617,134.4,1,67,3.59,8.0,Ankara,gas,2022-07-25,500525.0
P00618,164.4,4,14,4.7,,Ankara,gas,2022-07-25,711671.0
P00619,170.7,6,12,2.95,6.0,Izmir,none,2022-07-26,641820.0
P00620,216.5,6,33,2.36,9.0,Bursa,gas,2022-07-26,800526.0
P00621,191.1,5,55,3.73,8.0,Izmir,none,2022-07-26,604695.0
P00622,,2,29,1.41,10.0,Istanbul,gas,2022-07-27,699766.0
P00623,153.6,3,58,3.75,1.0,Istanbul,electric,2022-07-27,195168.0
P00624,175.4,6,13,8.83,,Istanbul,electric,2022-07-27,341277.0
P00625,115.7,5,74,6.03,9.0,Istanbul,gas,2022-07-28,517336.0
P00626,138.2,6,52,5.03,6.0,Izmir,gas,2022-07-28,430008.0
P00627,180.8,2,20,2.57,10.0,Ankara,gas,2022-07-28,760279.0
P00628,228.1,3,62,14.78,7.0,Izmir,gas,2022-07-29,512294.0
P00629,132.8,5,32,4.38,9.0,Ankara,gas,2022-07-29,568870.0
P00630,137.8,2,60,1.61,2.0,Ankara,gas,2022-07-29,262785.0
P00631,148.9,5,56,15.74,1.0,Izmir,electric,2022-07-30,67973.0
P00632,200.4,1,54,15.12,,Ankara,gas,2022-07-30,270104.0
P00633,138.6,1,9,4.42,6.0,Ankara,gas,2022-07-30,443042.0
P00634,206.1,6,1,6.57,3.0,Ankara,gas,2022-07-31,543636.0
P00635,96.5,2,55,5.74,9.0,Istanbul,none,2022-07-31,437884.0
P00636,131.6,2,18,4.76,4.0,Izmir,electric,2022-07-31,355250.0
P00637,131.1,2,5,7.4,5.0,Istanbul,gas,2022-08-01,327080.0
P00638,175.4,1,41,2.43,4.0,Bursa,gas,2022-08-01,430545.0
P00639,187.0,5,74,2.46,6.0,Bursa,none,2022-08-01,502641.0
P00640,72.1,6,56,1.78,9.0,Izmir,gas,2022-08-02,524931.0
P00641,98.8,1,24,5.69,5.0,Ankara,electric,2022-08-02,347393.0
P00642,155.2,4,30,4.2,3.0,Istanbul,electric,2022-08-02,448938.0
P00643,110.4,3,55,3.92,,Istanbul,electric,2022-08-03,399352.0
P00644,71.5,5,35,8.31,6.0,Ankara,gas,2022-08-03,293373.0
P00645,186.7,5,44,2.75,2.0,Istanbul,electric,2022-08-03,501409.0
P00646,162.2,5,67,3.69,6.0,Izmir,gas,2022-08-04,593008.0
P00647,162.2,1,4,5.91,3.0,Izmir,none,2022-08-04,266054.0
P00648,118.6,1,1,13.96,4.0,Ankara,gas,2022-08-04,155861.0
P00649,186.3,6,71,13.84,2.0,Izmir,gas,2022-08-05,280353.0
P00650,129.2,1,21,6.97,10.0,Istanbul,electric,2022-08-05,564077.0
P00651,189.3,4,65,4.63,8.0,Izmir,electric,2022-08-05,564952.0
P00652,99.0,3,23,6.78,4.0,Bursa,none,2022-08-06,300704.0
P00653,101.6,3,67,6.83,6.0,Ankara,electric,2022-08-06,298440.0
P00654,149.2,1,79,8.34,4.0,Bursa,gas,2022-08-06,351622.0
P00655,108.4,2,73,4.1,10.0,Izmir,gas,2022-08-07,509281.0
P00656,170.4,4,18,1.1,7.0,Ankara,gas,2022-08-07,619876.0
P00657,151.7,1,41,6.91,1.0,Ankara,gas,2022-08-07,175334.0
P00658,98.5,5,3,2.92,5.0,Istanbul,electric,2022-08-08,476384.0
P00659,143.3,6,21,4.25,,Istanbul,electric,2022-08-08,525890.0
P00660,124.2,4,33,2.29,8.0,Izmir,gas,2022-08-08,500537.0
P00661,181.2,5,2,4.95,10.0,Istanbul,gas,2022-08-09,747899.0
P00662,111.5,4,51,1.22,2.0,Ankara,gas,2022-08-09,238039.0
P00663,120.2,5,15,3.34,2.0,Istanbul,electric,2022-08-09,302640.0
P00664,194.5,1,12,6.95,2.0,Izmir,gas,2022-08-10,272536.0
P00665,240.7,4,52,3.5,10.0,Bursa,electric,2022-08-10,740093.0
P00666,230.0,2,67,3.26,8.0,Ankara,none,2022-08-10,619660.0
P00667,142.8,2,79,9.94,5.0,Istanbul,none,2022-08-11,224611.0
P00668,149.8,6,15,18.36,4.0,Izmir,gas,2022-08-11,286651.0
P00669,209.0,5,62,3.74,6.0,Ankara,none,2022-08-11,636285.0
P00670,134.4,1,56,3.42,9.0,Izmir,gas,2022-08-12,491401.0
P00671,96.1,6,65,1.79,1.0,Istanbul,none,2022-08-12,204974.0
P00672,145.3,4,12,5.38,3.0,Istanbul,electric,2022-08-12,406283.0
P00673,160.3,4,38,8.32,,Bursa,gas,2022-08-13,390094.0
P00674,102.7,1,70,5.3,3.0,Izmir,electric,2022-08-13,89050.0
P00675,65.9,6,45,2.96,10.0,Bursa,gas,2022-08-13,576605.0
P00676,75.3,6,16,6.21,9.0,Ankara,none,2022-08-14,529704.0
P00677,169.9,5,0,4.37,9.0,Ankara,gas,2022-08-14,734366.0
P00678,105.9,2,58,3.21,4.0,Bursa,electric,2022-08-14,274454.0
P00679,133.6,0,5,1.7,1.0,Ankara,gas,2022-08-15,277536.0
P00680,149.6,3,67,5.78,2.0,Istanbul,gas,2022-08-15,239185.0
P00681,167.9,3,52,4.35,6.0,Istanbul,gas,2022-08-15,507703.0
P00682,124.9,4,20,10.06,3.0,Istanbul,electric,2022-08-16,221318.0
P00683,162.4,5,16,2.5,8.0,Istanbul,gas,2022-08-16,620750.0
P00684,99.9,5,7,4.6,8.0,Istanbul,electric,2022-08-16,453566.0
P00685,123.7,2,27,5.89,3.0,Istanbul,none,2022-08-17,213445.0
P00686,93.9,6,46,2.8,3.0,Ankara,gas,2022-08-17,367709.0
P00687,190.9,3,24,3.3,10.0,Izmir,electric,2022-08-17,737096.0
P00688,138.8,5,39,3.44,6.0,Istanbul,gas,2022-08-18,446603.0
P00689,106.7,6,50,5.67,1.0,Istanbul,electric,2022-08-18,181235.0
P00690,124.1,3,38,12.16,9.0,Bursa,electric,2022-08-18,387440.0
P00691,130.0,6,19,6.15,9.0,Bursa,gas,2022-08-19,621444.0
P00692,171.5,1,62,1.07,7.0,Bursa,electric,2022-08-19,470073.0
P00693,68.2,2,57,1.98,3.0,Istanbul,gas,2022-08-19,190120.0
P00694,93.3,5,37,4.07,8.0,Ankara,gas,2022-08-20,388690.0
P00695,123.0,5,14,7.02,5.0,Ankara,none,2022-08-20,344646.0
P00696,254.0,6,39,4.96,10.0,Ankara,gas,2022-08-20,876619.0
P00697,183.0,3,28,6.65,9.0,Istanbul,gas,2022-08-21,651027.0
P00698,135.0,1,38,2.27,3.0,Bursa,gas,2022-08-21,256454.0
P00699,172.0,3,10,19.64,9.0,Ankara,none,2022-08-21,377105.0
P00700,232.6,5,36,3.4,9.0,Istanbul,none,2022-08-22,821302.0
P00701,129.5,1,4,1.02,3.0,Istanbul,gas,2022-08-22,330526.0
P00702,123.5,2,32,4.37,,Izmir,gas,2022-08-22,373499.0
P00703,194.5,3,55,13.41,8.0,Istanbul,gas,2022-08-23,490968.0
P00704,162.2,3,12,1.91,3.0,Izmir,electric,2022-08-23,439435.0
P00705,170.2,3,10,6.52,,Istanbul,gas,2022-08-23,655828.0
P00706,117.1,4,23,5.92,2.0,Istanbul,electric,2022-08-24,299229.0
P00707,226.6,4,72,11.7,8.0,Istanbul,none,2022-08-24,531549.0
P00708,216.9,4,21,5.39,4.0,Istanbul,gas,2022-08-24,523371.0
P00709,165.5,3,75,7.79,10.0,Izmir,gas,2022-08-25,554802.0
P00710,170.8,6,19,5.32,,Istanbul,none,2022-08-25,355273.0
P00711,48.8,3,4,6.05,4.0,Izmir,gas,2022-08-25,165484.0
P00712,,5,62,1.97,8.0,Izmir,gas,2022-08-26,674251.0
P00713,131.3,4,9,1.62,4.0,Istanbul,electric,2022-08-26,370200.0
P00714,159.5,3,9,5.06,6.0,Istanbul,gas,2022-08-26,540135.0
P00715,170.7,4,42,4.24,3.0,Ankara,electric,2022-08-27,418824.0
P00716,124.6,5,16,4.74,1.0,Istanbul,gas,2022-08-27,278635.0
P00717,63.9,3,48,9.76,1.0,Izmir,electric,2022-08-27,51848.0
P00718,156.6,3,42,1.33,9.0,Istanbul,gas,2022-08-28,651630.0
P00719,106.6,4,57,4.13,9.0,Izmir,electric,2022-08-28,561382.0
P00720,125.1,0,25,9.19,6.0,Istanbul,gas,2022-08-28,338893.0
P00721,112.8,5,22,1.38,7.0,Istanbul,none,2022-08-29,526295.0
P00722,124.6,3,19,1.89,5.0,Istanbul,gas,2022-08-29,421858.0
P00723,36.1,1,59,0.66,6.0,Izmir,electric,2022-08-29,335039.0
P00724,194.8,3,29,6.62,2.0,Ankara,gas,2022-08-30,407977.0
P00725,151.4,6,68,5.84,1.0,Ankara,electric,2022-08-30,250084.0
P00726,190.0,2,40,1.02,5.0,Istanbul,gas,2022-08-30,507773.0
P00727,229.1,2,63,9.13,10.0,Istanbul,gas,2022-08-31,608964.0
P00728,,2,53,2.86,10.0,Izmir,electric,2022-08-31,585971.0
P00729,58.9,6,55,3.21,6.0,Ankara,gas,2022-08-31,376150.0
P00730,99.8,1,77,5.93,6.0,Izmir,gas,2022-09-01,373037.0
P00731,85.7,3,36,7.3,9.0,Ankara,none,2022-09-01,336066.0
P00732,117.4,3,68,1.82,5.0,Istanbul,gas,2022-09-01,423447.0
P00733,,4,65,5.06,4.0,Bursa,gas,2022-09-02,381932.0
P00734,49.9,2,34,3.92,,Istanbul,electric,2022-09-02,276900.0
P00735,155.4,5,55,10.74,6.0,Istanbul,gas,2022-09-02,398573.0
P00736,72.0,6,36,2.24,6.0,Ankara,gas,2022-09-03,399479.0
P00737,153.4,3,53,10.64,1.0,Istanbul,gas,2022-09-03,173259.0
P00738,135.1,6,33,0.7,7.0,Izmir,gas,2022-09-03,644605.0
P00739,125.9,1,39,6.47,4.0,Izmir,none,2022-09-04,198132.0
P00740,136.7,3,19,11.46,2.0,Istanbul,electric,2022-09-04,256608.0
P00741,,6,50,6.76,8.0,Ankara,electric,2022-09-04,479264.0
P00742,112.4,4,76,10.06,,Ankara,gas,2022-09-05,213180.0
P00743,64.3,2,28,8.46,2.0,Istanbul,electric,2022-09-05,100470.0
P00744,138.7,6,5,1.07,1.0,Istanbul,electric,2022-09-05,453008.0
P00745,223.0,6,56,2.5,8.0,Istanbul,gas,2022-09-06,773436.0
P00746,229.1,3,16,9.37,9.0,Istanbul,electric,2022-09-06,712776.0
P00747,199.5,2,55,5.11,4.0,Istanbul,none,2022-09-06,429793.0
P00748,171.8,4,52,3.8,1.0,Istanbul,electric,2022-09-07,292188.0
P00749,109.6,4,75,10.84,,Ankara,none,2022-09-07,273804.0
P00750,204.9,3,47,5.95,3.0,Ankara,gas,2022-09-07,447763.0
P00751,137.5,5,9,1.5,3.0,Istanbul,gas,2022-09-08,533949.0
P00752,136.9,4,22,4.49,6.0,Izmir,gas,2022-09-08,383243.0
P00753,126.9,5,21,3.03,8.0,Izmir,gas,2022-09-08,567559.0
P00754,144.1,6,74,1.77,5.0,Ankara,electric,2022-09-09,534619.0
P00755,120.4,5,68,3.47,4.0,Ankara,gas,2022-09-09,307380.0
P00756,136.2,1,32,2.93,10.0,Istanbul,electric,2022-09-09,562636.0
P00757,91.2,1,70,4.11,6.0,Izmir,electric,2022-09-10,383481.0
P00758,123.2,6,47,3.9,3.0,Ankara,electric,2022-09-10,429307.0
P00759,242.6,5,25,3.16,9.0,Istanbul,gas,2022-09-10,777623.0
P00760,136.9,4,7,2.84,2.0,Ankara,gas,2022-09-11,424295.0
P00761,129.3,2,73,4.17,9.0,Ankara,electric,2022-09-11,542337.0
P00762,164.0,5,71,3.64,2.0,Ankara,electric,2022-09-11,396204.0
P00763,171.9,1,59,4.14,6.0,Ankara,gas,2022-09-12,459881.0
P00764,89.9,4,8,4.0,5.0,Izmir,gas,2022-09-12,381880.0
P00765,130.7,3,44,2.02,10.0,Izmir,gas,2022-09-12,570656.0
P00766,181.3,6,31,4.82,3.0,Ankara,gas,2022-09-13,447462.0
P00767,152.1,5,54,1.59,2.0,Istanbul,none,2022-09-13,419041.0
P00768,145.5,2,70,6.1,5.0,Istanbul,gas,2022-09-13,346328.0
P00769,209.9,5,42,12.35,4.0,Bursa,none,2022-09-14,498829.0
P00770,109.5,5,75,3.84,7.0,Istanbul,electric,2022-09-14,431579.0
P00771,143.7,2,15,4.4,1.0,Ankara,gas,2022-09-14,151609.0
P00772,116.6,2,72,16.02,4.0,Istanbul,electric,2022-09-15,84355.0
P00773,207.1,3,69,3.86,9.0,Ankara,electric,2022-09-15,671882.0
P00774,52.2,4,66,1.58,7.0,Ankara,gas,2022-09-15,380710.0
P00775,109.8,2,76,5.54,2.0,Izmir,gas,2022-09-16,167950.0
P00776,116.2,5,18,1.9,1.0,Bursa,gas,2022-09-16,274052.0
P00777,169.9,4,15,6.67,6.0,Ankara,gas,2022-09-16,574273.0
P00778,167.3,2,2,1.37,6.0,Istanbul,none,2022-09-17,519536.0
P00779,202.8,5,60,4.52,2.0,Istanbul,electric,2022-09-17,459978.0
P00780,69.2,1,36,5.13,10.0,Istanbul,electric,2022-09-17,402944.0
P00781,173.8,6,23,8.99,1.0,Istanbul,gas,2022-09-18,272024.0
P00782,126.8,5,5,5.63,10.0,Bursa,electric,2022-09-18,691753.0
P00783,110.0,1,21,1.53,1.0,Ankara,electric,2022-09-18,101929.0
P00784,164.3,5,76,4.92,6.0,Ankara,gas,2022-09-19,451926.0
P00785,98.6,2,5,4.49,10.0,Izmir,gas,2022-09-19,547915.0
P00786,46.5,4,0,11.34,10.0,Istanbul,electric,2022-09-19,364424.0
P00787,123.3,2,20,3.03,10.0,Istanbul,gas,2022-09-20,615208.0
P00788,72.6,2,26,3.46,3.0,Ankara,gas,2022-09-20,207738.0
P00789,110.8,1,15,5.73,8.0,Istanbul,gas,2022-09-20,404453.0
P00790,156.7,4,16,3.49,3.0,Istanbul,gas,2022-09-21,513575.0
P00791,154.0,4,43,1.7,4.0,Izmir,gas,2022-09-21,442072.0
P00792,211.4,1,1,2.26,5.0,Ankara,gas,2022-09-21,549546.0
P00793,131.0,2,78,4.6,5.0,Istanbul,electric,2022-09-22,280797.0
P00794,71.0,4,39,4.11,6.0,Istanbul,electric,2022-09-22,312324.0
P00795,106.0,5,29,1.84,,Izmir,electric,2022-09-22,351266.0
P00796,98.6,4,6,3.48,9.0,Ankara,electric,2022-09-23,574302.0
P00797,85.2,1,15,4.4,4.0,Istanbul,gas,2022-09-23,246938.0
P00798,159.6,4,71,0.46,5.0,Izmir,gas,2022-09-23,461951.0
P00799,111.0,2,26,0.97,8.0,Ankara,electric,2022-09-24,539721.0
P00800,51.0,3,55,0.49,1.0,Bursa,gas,2022-09-24,61335.0
P00801,171.4,3,13,0.76,7.0,Istanbul,gas,2022-09-24,601043.0
P00802,135.0,2,29,4.85,7.0,Izmir,electric,2022-09-25,441854.0
P00803,156.1,5,26,4.55,9.0,Ankara,gas,2022-09-25,602277.0
P00804,144.8,5,67,0.64,3.0,Istanbul,gas,2022-09-25,420680.0
P00805,168.4,1,31,6.69,2.0,Ankara,electric,2022-09-26,242013.0
P00806,141.7,3,63,8.0,9.0,Istanbul,electric,2022-09-26,449398.0
P00807,195.6,1,73,4.19,,Istanbul,gas,2022-09-26,553927.0
P00808,159.1,5,26,5.38,3.0,Istanbul,gas,2022-09-27,438932.0
P00809,157.6,3,16,5.45,9.0,Ankara,electric,2022-09-27,648878.0
P00810,158.4,3,67,2.47,3.0,Izmir,gas,2022-09-27,369463.0
P00811,74.5,2,74,10.9,3.0,Istanbul,gas,2022-09-28,104663.0
P00812,132.6,1,74,1.86,2.0,Istanbul,electric,2022-09-28,276678.0
P00813,128.3,1,10,2.94,7.0,Izmir,electric,2022-09-28,519893.0
P00814,149.3,4,49,0.25,4.0,Istanbul,electric,2022-09-29,566977.0
P00815,78.9,5,9,6.92,8.0,Istanbul,gas,2022-09-29,433288.0
P00816,213.5,4,28,2.41,7.0,Bursa,electric,2022-09-29,688146.0
P00817,144.7,2,32,11.95,7.0,Ankara,gas,2022-09-30,359585.0
P00818,85.5,6,72,11.27,3.0,Ankara,gas,2022-09-30,30000.0
P00819,63.1,4,58,0.33,4.0,Ankara,electric,2022-09-30,233116.0
P00820,127.3,6,75,3.56,1.0,Istanbul,gas,2022-10-01,278732.0
P00821,136.0,1,66,4.03,4.0,Istanbul,gas,2022-10-01,326993.0
P00822,107.7,1,27,2.87,,Izmir,electric,2022-10-01,350171.0
P00823,144.1,1,69,1.82,10.0,Ankara,gas,2022-10-02,622807.0
P00824,111.1,5,6,3.09,8.0,Izmir,electric,2022-10-02,619763.0
P00825,164.8,3,16,4.18,,Istanbul,gas,2022-10-02,342679.0
P00826,107.4,2,69,3.86,2.0,Ankara,electric,2022-10-03,257115.0
P00827,138.3,4,4,3.24,10.0,Istanbul,electric,2022-10-03,743251.0
P00828,184.0,5,53,5.34,5.0,Istanbul,electric,2022-10-03,524141.0
P00829,255.7,3,71,3.3,4.0,Istanbul,electric,2022-10-04,520516.0
P00830,94.7,3,18,9.96,1.0,Istanbul,gas,2022-10-04,174665.0
P00831,119.1,3,55,2.08,1.0,Istanbul,gas,2022-10-04,230129.0
P00832,102.2,2,45,3.82,1.0,Istanbul,gas,2022-10-05,151027.0
P00833,175.3,3,56,5.62,5.0,Istanbul,gas,2022-10-05,441936.0
P00834,88.3,3,24,6.02,4.0,Izmir,electric,2022-10-05,240795.0
P00835,118.2,2,9,10.19,5.0,Izmir,gas,2022-10-06,333986.0
P00836,138.7,4,73,2.56,3.0,Ankara,none,2022-10-06,382410.0
P00837,96.0,4,8,7.71,5.0,Ankara,gas,2022-10-06,382683.0
P00838,96.9,5,27,3.87,9.0,Ankara,electric,2022-10-07,570223.0
P00839,118.6,1,0,0.61,9.0,Istanbul,gas,2022-10-07,532565.0
P00840,45.5,4,15,7.18,1.0,Ankara,electric,2022-10-07,79481.0
P00841,75.0,2,52,1.24,1.0,Ankara,electric,2022-10-08,190908.0
P00842,121.4,5,3,2.67,7.0,Bursa,gas,2022-10-08,533482.0
P00843,146.7,6,17,5.66,5.0,Izmir,electric,2022-10-08,617205.0
P00844,131.6,3,27,2.53,8.0,Istanbul,electric,2022-10-09,533800.0
P00845,60.2,1,26,1.85,1.0,Ankara,gas,2022-10-09,90771.0
P00846,119.1,0,79,5.74,5.0,Istanbul,gas,2022-10-09,408934.0
P00847,175.9,2,14,7.87,9.0,Ankara,gas,2022-10-10,605672.0
P00848,165.0,3,17,2.44,6.0,Izmir,none,2022-10-10,537868.0
P00849,136.5,4,60,3.03,8.0,Ankara,gas,2022-10-10,527810.0
P00850,100.1,4,36,5.27,3.0,Istanbul,gas,2022-10-11,289866.0
P00851,168.4,1,39,4.17,1.0,Istanbul,gas,2022-10-11,303078.0
P00852,113.9,3,77,3.25,3.0,Istanbul,none,2022-10-11,301379.0
P00853,87.4,3,16,12.5,,Ankara,none,2022-10-12,311816.0
P00854,103.9,4,0,3.13,1.0,Izmir,gas,2022-10-12,285509.0
P00855,205.2,4,70,1.88,3.0,Izmir,gas,2022-10-12,518094.0
P00856,149.9,1,23,2.91,10.0,Istanbul,electric,2022-10-13,641908.0
P00857,192.2,1,25,5.17,6.0,Ankara,gas,2022-10-13,356964.0
P00858,118.4,3,65,2.22,1.0,Istanbul,electric,2022-10-13,185312.0
P00859,182.2,6,49,1.76,6.0,Bursa,electric,2022-10-14,582576.0
P00860,112.9,2,7,0.94,2.0,Bursa,electric,2022-10-14,292514.0
P00861,132.9,1,71,14.17,9.0,Istanbul,none,2022-10-14,334857.0
P00862,251.9,3,74,5.87,8.0,Ankara,electric,2022-10-15,710209.0
P00863,,2,0,1.41,9.0,Izmir,none,2022-10-15,706785.0
P00864,117.4,1,66,5.62,,Istanbul,electric,2022-10-15,273992.0
P00865,136.2,6,14,5.37,1.0,Istanbul,gas,2022-10-16,323021.0
P00866,154.7,4,11,8.66,6.0,Istanbul,electric,2022-10-16,533784.0
P00867,194.5,0,61,1.75,6.0,Izmir,electric,2022-10-16,579323.0
P00868,118.0,6,47,8.67,3.0,Istanbul,gas,2022-10-17,299732.0
P00869,61.6,4,34,6.87,3.0,Istanbul,gas,2022-10-17,249751.0
P00870,127.4,3,44,1.42,2.0,Izmir,gas,2022-10-17,326016.0
P00871,140.7,1,16,4.5,10.0,Istanbul,electric,2022-10-18,481388.0
P00872,144.9,1,55,4.64,8.0,Izmir,gas,2022-10-18,484644.0
P00873,199.3,2,28,4.95,2.0,Istanbul,gas,2022-10-18,361771.0
P00874,154.3,4,24,0.39,2.0,Istanbul,electric,2022-10-19,409112.0
P00875,176.6,4,44,4.72,9.0,Ankara,none,2022-10-19,684742.0
P00876,90.4,1,30,2.93,3.0,Istanbul,electric,2022-10-19,248989.0
P00877,179.1,2,5,6.93,,Izmir,electric,2022-10-20,397968.0
P00878,234.3,6,19,4.58,8.0,Ankara,electric,2022-10-20,812134.0
P00879,174.8,2,78,2.47,2.0,Istanbul,gas,2022-10-20,346943.0
P00880,151.4,1,23,1.69,3.0,Istanbul,electric,2022-10-21,367219.0
P00881,146.9,2,31,3.19,3.0,Ankara,electric,2022-10-21,360268.0
P00882,220.4,3,14,4.81,10.0,Bursa,gas,2022-10-21,769399.0
P00883,98.3,3,4,3.76,8.0,Izmir,gas,2022-10-22,471620.0
P00884,135.0,3,72,1.09,2.0,Istanbul,electric,2022-10-22,283191.0
P00885,160.7,1,47,10.73,5.0,Istanbul,electric,2022-10-22,299159.0
P00886,173.5,1,70,7.01,6.0,Ankara,none,2022-10-23,351173.0
P00887,120.3,2,66,4.14,2.0,Istanbul,gas,2022-10-23,158427.0
P00888,153.8,2,28,4.56,6.0,Istanbul,gas,2022-10-23,513834.0
P00889,127.5,6,38,5.83,10.0,Istanbul,gas,2022-10-24,609052.0
P00890,145.4,2,55,4.68,6.0,Ankara,gas,2022-10-24,412978.0
P00891,134.1,3,62,3.38,1.0,Izmir,gas,2022-10-24,232724.0
P00892,,5,39,8.32,8.0,Izmir,gas,2022-10-25,414684.0
P00893,139.0,3,2,3.5,5.0,Ankara,none,2022-10-25,453012.0
P00894,179.5,0,22,3.16,1.0,Ankara,gas,2022-10-25,428780.0
P00895,96.5,3,24,4.11,3.0,Istanbul,gas,2022-10-26,234199.0
P00896,129.2,3,27,3.67,6.0,Istanbul,electric,2022-10-26,489063.0
P00897,169.9,5,47,4.5,5.0,Istanbul,gas,2022-10-26,464903.0
P00898,91.9,5,77,24.85,8.0,Istanbul,gas,2022-10-27,183862.0
P00899,148.2,4,11,2.66,7.0,Istanbul,electric,2022-10-27,484647.0
P00900,92.3,1,27,5.52,1.0,Istanbul,gas,2022-10-27,71261.0
