date,store,sales,promotion,temperature,holiday
2022-01-01,S2,728.76,0,21.4,1
2022-01-02,S3,884.97,0,9.5,1
2022-01-03,S1,853.27,0,21.0,0
2022-01-04,S3,871.2,226,18.2,0
2022-01-05,S3,675.36,0,23.2,0
2022-01-06,S2,607.77,0,20.0,0
2022-01-07,S2,913.51,386,18.6,0
2022-01-08,S3,841.81,0,19.8,1
2022-01-09,S3,927.14,0,22.4,1
2022-01-10,S2,998.57,0,20.3,0
2022-01-11,S2,787.97,0,20.0,0
2022-01-12,S3,540.33,0,15.7,0
2022-01-13,S2,687.6,0,21.7,0
2022-01-14,S3,709.7,0,20.5,0
2022-01-15,S2,785.21,0,26.1,1
2022-01-16,S3,899.69,0,20.7,1
2022-01-17,S2,951.52,0,20.6,0
2022-01-18,S3,,0,19.1,0
2022-01-19,S1,682.87,0,23.3,0
2022-01-20,S3,446.34,0,20.7,0
2022-01-21,S1,750.27,0,19.3,0
2022-01-22,S1,678.18,0,26.4,1
2022-01-23,S1,933.03,0,27.1,1
2022-01-24,S1,974.08,0,20.5,0
2022-01-25,S1,934.5,0,19.0,0
2022-01-26,S1,604.14,0,25.6,0
2022-01-27,S2,778.69,0,19.8,0
2022-01-28,S2,765.12,0,31.0,0
2022-01-29,S1,920.83,0,22.2,1
2022-01-30,S3,1112.98,0,25.6,1
2022-01-31,S1,955.73,0,19.0,0
2022-02-01,S2,640.61,0,22.9,0
2022-02-02,S1,818.21,0,26.4,0
2022-02-03,S3,818.28,0,24.6,0
2022-02-04,S3,843.22,0,21.8,0
2022-02-05,S1,827.13,0,30.9,1
2022-02-06,S2,1014.55,0,25.9,1
2022-02-07,S1,1089.7,0,23.1,0
2022-02-08,S3,798.03,0,22.1,0
2022-02-09,S2,754.79,0,23.2,0
2022-02-10,S2,902.97,238,28.2,0
2022-02-11,S3,915.31,0,22.0,0
2022-02-12,S3,848.45,0,24.5,1
2022-02-13,S3,1205.07,0,22.1,1
2022-02-14,S3,1096.69,0,28.4,0
2022-02-15,S2,843.57,0,24.3,0
2022-02-16,S3,1062.21,0,27.5,0
2022-02-17,S2,1122.72,456,26.7,0
2022-02-18,S3,857.51,0,23.3,0
2022-02-19,S3,1106.58,0,27.3,1
2022-02-20,S2,1039.37,0,28.1,1
2022-02-21,S2,1013.01,0,21.9,0
2022-02-22,S1,1569.39,433,27.6,0
2022-02-23,S1,1226.52,334,36.3,0
2022-02-24,S3,677.34,0,24.8,0
2022-02-25,S3,731.02,0,27.7,0
2022-02-26,S1,942.51,0,21.8,1
2022-02-27,S1,1216.92,0,27.3,1
2022-02-28,S2,1137.92,0,24.3,0
2022-03-01,S3,1135.1,0,28.4,0
2022-03-02,S1,1327.85,249,26.0,0
2022-03-03,S3,950.19,0,22.7,0
2022-03-04,S2,1006.07,0,29.7,0
2022-03-05,S1,1132.43,0,25.8,1
2022-03-06,S3,1008.48,0,23.4,1
2022-03-07,S3,1317.41,0,26.8,0
2022-03-08,S2,1734.24,594,23.7,0
2022-03-09,S1,946.2,0,27.9,0
2022-03-10,S1,762.78,0,26.6,0
2022-03-11,S1,1058.81,304,25.7,0
2022-03-12,S1,946.14,0,28.9,1
2022-03-13,S1,1195.59,0,23.1,1
2022-03-14,S1,1125.94,0,29.9,0
2022-03-15,S3,1254.81,187,21.0,0
2022-03-16,S2,935.78,0,31.9,0
2022-03-17,S1,965.48,0,27.7,0
2022-03-18,S3,914.04,0,26.4,0
2022-03-19,S2,1074.12,0,25.0,1
2022-03-20,S2,1359.86,0,28.9,1
2022-03-21,S2,1243.25,0,26.8,0
2022-03-22,S3,1238.44,0,26.8,0
2022-03-23,S1,929.99,0,30.5,0
2022-03-24,S1,,0,26.0,0
2022-03-25,S3,989.35,0,26.7,0
2022-03-26,S3,1140.46,0,28.7,1
2022-03-27,S1,1225.28,0,30.7,1
2022-03-28,S1,1211.47,0,27.0,0
2022-03-29,S3,1711.54,523,27.9,0
2022-03-30,S2,1185.33,164,27.6,0
2022-03-31,S2,1071.53,0,29.7,0
2022-04-01,S2,1099.3,0,32.0,0
2022-04-02,S3,1044.5,0,24.6,1
2022-04-03,S1,1363.92,0,27.1,1
2022-04-04,S3,1298.36,0,27.3,0
2022-04-05,S3,1294.97,0,29.2,0
2022-04-06,S3,1054.23,0,32.0,0
2022-04-07,S1,867.53,0,27.4,0
2022-04-08,S3,1143.38,0,28.1,0
2022-04-09,S1,1235.23,0,30.8,1
2022-04-10,S3,1221.21,0,23.6,1
2022-04-11,S3,1197.35,0,25.0,0
2022-04-12,S1,1233.48,0,26.0,0
2022-04-13,S2,1020.3,0,27.3,0
2022-04-14,S1,1005.12,0,28.0,0
2022-04-15,S1,1137.84,0,25.7,0
2022-04-16,S2,1672.63,309,32.5,1
2022-04-17,S2,1335.27,0,25.0,1
2022-04-18,S1,1539.11,0,26.5,0
2022-04-19,S3,1425.77,0,30.4,0
2022-04-20,S2,1121.93,0,29.4,0
2022-04-21,S3,911.63,0,27.0,0
2022-04-22,S3,1189.99,0,28.1,0
2022-04-23,S2,1739.71,428,29.4,1
2022-04-24,S2,1622.21,0,26.8,1
2022-04-25,S2,1573.25,0,28.7,0
2022-04-26,S1,1418.3,0,23.9,0
2022-04-27,S1,1352.08,0,26.9,0
2022-04-28,S1,1474.6,476,21.6,0
2022-04-29,S2,1155.14,0,23.8,0
2022-04-30,S2,1255.26,0,23.0,1
2022-05-01,S3,2035.19,444,30.2,1
2022-05-02,S3,1517.74,0,24.9,0
2022-05-03,S1,1079.59,0,27.1,0
2022-05-04,S3,1347.79,0,23.3,0
2022-05-05,S3,1037.54,0,25.4,0
2022-05-06,S3,1235.74,0,25.1,0
2022-05-07,S2,1260.52,0,23.3,1
2022-05-08,S2,1473.31,0,28.4,1
2022-05-09,S2,1548.44,0,20.6,0
2022-05-10,S3,1412.31,0,27.5,0
2022-05-11,S3,1150.14,0,33.6,0
2022-05-12,S2,1279.35,0,22.9,0
2022-05-13,S1,1221.86,0,25.4,0
2022-05-14,S3,1326.17,0,20.4,1
2022-05-15,S1,1538.39,0,25.0,1
2022-05-16,S1,1457.95,0,19.7,0
2022-05-17,S3,1593.27,0,26.7,0
2022-05-18,S2,1637.88,356,23.2,0
2022-05-19,S3,1200.39,0,19.0,0
2022-05-20,S1,1235.85,0,20.5,0
2022-05-21,S3,1259.27,0,19.5,1
2022-05-22,S1,1377.44,0,23.3,1
2022-05-23,S3,1933.63,387,26.7,0
2022-05-24,S1,1464.24,0,22.7,0
2022-05-25,S1,1404.52,0,20.2,0
2022-05-26,S2,1224.14,0,21.1,0
2022-05-27,S2,1114.46,0,23.9,0
2022-05-28,S1,1410.52,0,16.0,1
2022-05-29,S3,1581.62,0,25.1,1
2022-05-30,S3,1634.76,0,24.4,0
2022-05-31,S3,1475.39,0,15.5,0
2022-06-01,S2,1172.97,0,26.5,0
2022-06-02,S2,1303.42,0,17.7,0
2022-06-03,S1,1159.69,0,21.9,0
2022-06-04,S3,1425.77,0,26.0,1
2022-06-05,S3,1363.78,0,17.3,1
2022-06-06,S3,1621.76,0,16.5,0
2022-06-07,S2,1378.22,0,18.6,0
2022-06-08,S2,1400.42,0,18.5,0
2022-06-09,S2,1368.7,0,21.3,0
2022-06-10,S2,1347.81,0,19.9,0
2022-06-11,S1,1267.21,0,19.9,1
2022-06-12,S1,1429.87,0,19.8,1
2022-06-13,S2,1472.2,0,20.5,0
2022-06-14,S3,1520.99,0,18.3,0
2022-06-15,S3,1335.11,0,21.8,0
2022-06-16,S2,1220.31,0,20.6,0
2022-06-17,S2,1269.69,0,17.4,0
2022-06-18,S3,1436.32,0,25.9,1
2022-06-19,S1,1583.99,0,16.3,1
2022-06-20,S2,1717.43,0,22.3,0
2022-06-21,S1,1764.16,310,17.6,0
2022-06-22,S3,1322.5,0,20.9,0
2022-06-23,S1,1029.26,0,21.2,0
2022-06-24,S2,1114.28,0,22.1,0
2022-06-25,S3,1314.54,0,23.7,1
2022-06-26,S1,1408.01,0,16.6,1
2022-06-27,S1,1575.91,0,27.8,0
2022-06-28,S3,1555.88,0,20.1,0
2022-06-29,S3,1258.71,0,16.2,0
2022-06-30,S2,1155.83,0,14.4,0
2022-07-01,S3,1187.27,0,25.6,0
2022-07-02,S1,1388.16,0,23.3,1
2022-07-03,S2,1463.74,0,18.1,1
2022-07-04,S3,1589.78,0,20.3,0
2022-07-05,S1,1479.36,0,21.9,0
2022-07-06,S3,1326.12,0,18.0,0
2022-07-07,S2,1267.37,0,16.2,0
2022-07-08,S3,1231.22,0,17.3,0
2022-07-09,S3,1381.26,0,19.8,1
2022-07-10,S1,1674.05,0,17.2,1
2022-07-11,S1,1691.81,156,13.2,0
2022-07-12,S3,1517.01,0,19.1,0
2022-07-13,S1,,0,11.3,0
2022-07-14,S2,1140.74,0,14.2,0
2022-07-15,S1,1173.82,0,20.1,0
2022-07-16,S2,1278.23,0,16.9,1
2022-07-17,S3,1496.14,0,16.7,1
2022-07-18,S1,1470.46,0,16.2,0
2022-07-19,S3,1388.29,0,18.9,0
2022-07-20,S1,1386.09,0,15.4,0
2022-07-21,S2,1158.08,0,9.5,0
2022-07-22,S2,1311.69,0,16.0,0
2022-07-23,S1,1367.12,0,5.7,1
2022-07-24,S1,1562.24,0,8.7,1
2022-07-25,S3,1454.74,0,19.7,0
2022-07-26,S2,,0,17.9,0
2022-07-27,S2,1504.72,0,13.1,0
2022-07-28,S1,1233.05,0,14.2,0
2022-07-29,S3,1281.96,0,14.5,0
2022-07-30,S3,1346.9,0,17.2,1
2022-07-31,S2,1544.25,0,11.6,1
2022-08-01,S2,1384.41,0,11.2,0
2022-08-02,S1,1313.81,0,11.8,0
2022-08-03,S3,1276.37,0,14.0,0
2022-08-04,S1,1571.28,358,14.3,0
2022-08-05,S3,1603.26,475,12.1,0
2022-08-06,S1,1287.16,0,15.5,1
2022-08-07,S3,1408.32,0,9.9,1
2022-08-08,S2,1742.54,286,12.7,0
2022-08-09,S3,1259.83,0,10.7,0
2022-08-10,S3,1078.4,0,9.6,0
2022-08-11,S3,1106.16,0,16.3,0
2022-08-12,S2,980.36,0,11.5,0
2022-08-13,S1,1189.93,0,9.2,1
2022-08-14,S1,1357.57,0,12.3,1
2022-08-15,S2,1351.66,0,9.0,0
2022-08-16,S3,1373.52,0,13.8,0
2022-08-17,S1,1148.86,0,14.5,0
2022-08-18,S2,1082.68,0,14.9,0
2022-08-19,S3,1025.62,0,8.4,0
2022-08-20,S2,1188.28,0,11.1,1
2022-08-21,S2,1444.61,0,17.1,1
2022-08-22,S3,1461.59,0,10.7,0
2022-08-23,S1,1281.91,0,15.1,0
2022-08-24,S3,1465.82,265,15.8,0
2022-08-25,S3,1083.04,0,6.8,0
2022-08-26,S1,1111.45,0,14.7,0
2022-08-27,S1,1384.84,0,13.2,1
2022-08-28,S3,1740.29,408,13.5,1
2022-08-29,S1,1679.25,238,15.9,0
2022-08-30,S1,1340.33,0,12.0,0
2022-08-31,S3,1118.11,0,10.8,0
2022-09-01,S1,928.54,0,12.3,0
2022-09-02,S3,1135.81,0,9.3,0
2022-09-03,S2,1667.98,436,11.8,1
2022-09-04,S2,1885.74,537,4.1,1
2022-09-05,S2,1377.16,0,15.5,0
2022-09-06,S2,1275.75,0,8.5,0
2022-09-07,S1,1028.75,0,11.7,0
2022-09-08,S1,1040.18,0,10.9,0
2022-09-09,S3,872.04,0,10.2,0
2022-09-10,S1,1177.69,0,10.2,1
2022-09-11,S1,1174.88,0,10.0,1
2022-09-12,S1,1314.47,0,4.7,0
2022-09-13,S2,1314.62,0,8.0,0
2022-09-14,S1,1061.98,0,13.3,0
2022-09-15,S3,939.81,0,6.5,0
2022-09-16,S1,1065.09,0,6.3,0
2022-09-17,S3,1127.62,0,16.0,1
2022-09-18,S1,1251.38,0,13.2,1
2022-09-19,S2,1283.74,0,14.2,0
2022-09-20,S1,1363.57,0,9.4,0
2022-09-21,S3,1123.09,0,10.2,0
2022-09-22,S3,1004.53,0,11.7,0
2022-09-23,S2,876.82,0,11.0,0
2022-09-24,S2,1185.71,0,9.0,1
2022-09-25,S1,1141.09,0,4.8,1
2022-09-26,S3,1340.54,0,7.0,0
2022-09-27,S3,1087.95,0,4.6,0
2022-09-28,S3,1219.6,0,14.0,0
2022-09-29,S2,773.18,0,8.0,0
2022-09-30,S2,1080.39,0,8.6,0
2022-10-01,S2,1177.61,0,10.1,1
2022-10-02,S2,1070.1,0,9.2,1
2022-10-03,S3,1247.16,0,10.8,0
2022-10-04,S3,1306.41,0,7.3,0
2022-10-05,S2,1117.52,0,4.5,0
2022-10-06,S3,751.31,0,14.5,0
2022-10-07,S1,890.87,0,7.0,0
2022-10-08,S3,966.21,0,7.7,1
2022-10-09,S2,1117.83,0,6.8,1
2022-10-10,S2,1185.69,0,7.6,0
2022-10-11,S2,1321.01,0,9.3,0
2022-10-12,S1,999.41,0,11.6,0
2022-10-13,S3,864.79,0,6.1,0
2022-10-14,S3,886.14,0,10.2,0
2022-10-15,S3,,0,7.3,1
2022-10-16,S2,1575.04,316,13.1,1
2022-10-17,S2,1137.91,0,5.7,0
2022-10-18,S2,1264.33,0,9.8,0
2022-10-19,S2,863.06,0,11.7,0
2022-10-20,S2,839.42,0,5.4,0
2022-10-21,S1,940.55,0,9.9,0
2022-10-22,S3,1198.29,0,10.1,1
2022-10-23,S2,1141.01,0,7.3,1
2022-10-24,S2,1233.22,0,9.1,0
2022-10-25,S3,1229.87,0,12.8,0
2022-10-26,S3,1006.68,0,10.6,0
2022-10-27,S1,954.73,0,8.7,0
2022-10-28,S3,1128.68,150,9.3,0
2022-10-29,S2,1043.17,0,11.4,1
2022-10-30,S2,1216.89,0,14.0,1
2022-10-31,S1,1510.6,234,12.6,0
2022-11-01,S1,1087.38,0,12.5,0
2022-11-02,S3,1083.57,0,15.1,0
2022-11-03,S3,643.69,0,5.7,0
2022-11-04,S3,777.71,0,6.1,0
2022-11-05,S3,1141.16,0,3.7,1
2022-11-06,S3,1183.48,0,13.2,1
2022-11-07,S2,1706.75,592,3.8,0
2022-11-08,S1,1112.77,0,10.7,0
2022-11-09,S2,1022.26,0,13.2,0
2022-11-10,S1,767.0,0,6.8,0
2022-11-11,S3,926.31,0,9.1,0
2022-11-12,S2,981.07,0,10.4,1
2022-11-13,S3,1325.28,204,13.5,1
2022-11-14,S1,1694.95,536,6.8,0
2022-11-15,S2,1172.51,0,12.5,0
2022-11-16,S3,803.22,0,13.7,0
2022-11-17,S3,1171.2,395,12.1,0
2022-11-18,S1,907.79,0,12.3,0
2022-11-19,S3,868.86,0,15.7,1
2022-11-20,S1,974.35,0,12.7,1
2022-11-21,S3,1212.53,0,12.1,0
2022-11-22,S1,1060.52,0,11.3,0
2022-11-23,S1,889.55,0,14.4,0
2022-11-24,S3,819.08,0,11.6,0
2022-11-25,S1,747.47,0,14.6,0
2022-11-26,S1,1589.81,333,13.1,1
2022-11-27,S3,1027.01,0,16.3,1
2022-11-28,S2,1113.61,0,10.6,0
2022-11-29,S2,922.33,0,13.4,0
2022-11-30,S1,1025.54,164,14.3,0
2022-12-01,S2,948.58,0,14.7,0
2022-12-02,S3,840.17,0,17.0,0
2022-12-03,S3,1035.7,0,14.9,1
2022-12-04,S1,1074.17,0,16.5,1
2022-12-05,S1,1327.34,0,19.9,0
2022-12-06,S1,1073.6,0,16.6,0
2022-12-07,S1,783.65,0,11.0,0
2022-12-08,S3,878.47,0,10.1,0
2022-12-09,S1,805.53,0,16.5,0
2022-12-10,S2,1039.66,0,13.5,1
2022-12-11,S3,1136.66,0,15.7,1
2022-12-12,S1,1184.01,0,14.4,0
2022-12-13,S2,1075.42,0,19.0,0
2022-12-14,S3,821.17,0,18.8,0
2022-12-15,S2,937.11,269,12.0,0
2022-12-16,S2,939.35,0,16.4,0
2022-12-17,S1,975.67,0,14.8,1
2022-12-18,S2,1157.64,0,11.9,1
2022-12-19,S3,1122.52,0,17.9,0
2022-12-20,S3,878.39,0,15.7,0
2022-12-21,S3,794.55,0,17.6,0
2022-12-22,S2,1493.56,541,23.9,0
2022-12-23,S3,781.78,0,20.6,0
2022-12-24,S3,1141.44,179,20.1,1
2022-12-25,S3,1001.89,0,15.7,1
2022-12-26,S2,1127.74,0,13.5,0
2022-12-27,S1,1046.99,0,20.9,0
2022-12-28,S1,907.1,0,16.4,0
2022-12-29,S2,825.81,0,17.6,0
2022-12-30,S2,809.69,0,16.5,0
2022-12-31,S2,958.04,0,18.1,1
2023-01-01,S3,1420.29,266,25.2,1
2023-01-02,S1,1223.35,0,17.2,0
2023-01-03,S1,1411.21,327,17.4,0
2023-01-04,S3,1109.54,0,19.0,0
2023-01-05,S2,868.67,0,19.4,0
2023-01-06,S3,901.84,0,15.1,0
2023-01-07,S2,967.64,0,13.6,1
2023-01-08,S2,1271.01,0,17.3,1
2023-01-09,S3,1113.78,0,18.5,0
2023-01-10,S1,962.8,0,17.0,0
2023-01-11,S2,870.63,0,16.5,0
2023-01-12,S2,927.72,0,16.8,0
2023-01-13,S1,,0,18.6,0
2023-01-14,S3,1497.56,324,19.6,1
2023-01-15,S2,1192.45,0,15.2,1
2023-01-16,S2,1088.62,0,18.6,0
2023-01-17,S3,1116.85,0,21.4,0
2023-01-18,S1,1155.25,0,20.1,0
2023-01-19,S2,810.21,0,16.6,0
2023-01-20,S2,805.78,0,19.7,0
2023-01-21,S1,1123.21,0,20.9,1
2023-01-22,S3,1343.01,0,23.4,1
2023-01-23,S3,1353.94,0,16.3,0
2023-01-24,S3,1132.57,0,23.4,0
2023-01-25,S2,1029.23,0,20.1,0
2023-01-26,S2,948.79,0,22.2,0
2023-01-27,S3,1068.15,0,23.8,0
2023-01-28,S2,1305.47,0,19.3,1
2023-01-29,S1,1235.89,0,19.6,1
2023-01-30,S2,1408.41,0,21.8,0
2023-01-31,S3,1159.07,0,24.5,0
2023-02-01,S3,1095.71,0,20.8,0
2023-02-02,S2,857.96,0,18.3,0
2023-02-03,S2,913.08,0,20.6,0
2023-02-04,S3,1170.18,0,24.0,1
2023-02-05,S1,1190.66,0,26.4,1
2023-02-06,S1,1399.31,0,21.6,0
2023-02-07,S1,1169.82,0,22.2,0
2023-02-08,S1,1077.8,0,22.8,0
2023-02-09,S1,969.67,0,23.0,0
2023-02-10,S1,985.29,0,20.7,0
2023-02-11,S3,1174.76,0,22.4,1
2023-02-12,S3,1410.25,0,24.4,1
2023-02-13,S3,1642.18,0,24.2,0
2023-02-14,S3,1141.78,0,24.1,0
2023-02-15,S2,1131.62,0,21.1,0
2023-02-16,S3,993.85,0,22.6,0
2023-02-17,S3,963.35,0,22.2,0
2023-02-18,S1,1222.91,0,27.6,1
2023-02-19,S3,1257.86,0,28.9,1
2023-02-20,S2,1373.59,0,25.7,0
2023-02-21,S3,1406.34,0,29.5,0
2023-02-22,S1,945.35,0,24.0,0
2023-02-23,S3,1068.48,0,24.1,0
2023-02-24,S1,1127.16,0,21.2,0
2023-02-25,S3,1139.54,0,25.8,1
2023-02-26,S1,1426.05,0,23.9,1
2023-02-27,S1,1449.51,0,25.6,0
2023-02-28,S2,1290.67,0,26.9,0
2023-03-01,S3,1287.87,0,24.8,0
2023-03-02,S3,956.26,0,22.2,0
2023-03-03,S1,1181.45,0,25.5,0
2023-03-04,S2,1244.04,0,25.5,1
2023-03-05,S1,1311.76,0,25.9,1
2023-03-06,S2,1435.17,0,27.9,0
2023-03-07,S1,1326.65,0,25.3,0
2023-03-08,S3,1286.6,0,25.2,0
2023-03-09,S3,974.57,0,31.3,0
2023-03-10,S1,1138.07,0,29.4,0
2023-03-11,S2,1259.19,0,26.0,1
2023-03-12,S2,1597.82,0,23.5,1
2023-03-13,S3,1382.11,0,25.0,0
2023-03-14,S3,1496.69,0,27.5,0
2023-03-15,S2,1078.22,0,29.0,0
2023-03-16,S1,1185.49,0,33.7,0
2023-03-17,S2,1179.76,0,25.8,0
2023-03-18,S3,1374.41,0,27.1,1
2023-03-19,S2,1417.57,0,25.6,1
2023-03-20,S1,1338.85,0,26.9,0
2023-03-21,S2,1285.07,0,25.6,0
2023-03-22,S2,1405.39,0,23.6,0
2023-03-23,S2,1208.6,0,29.8,0
2023-03-24,S1,1146.03,0,27.2,0
2023-03-25,S2,1459.35,0,30.7,1
2023-03-26,S2,1448.81,0,25.4,1
2023-03-27,S1,1489.14,0,27.7,0
2023-03-28,S1,1351.69,0,28.9,0
2023-03-29,S1,1427.52,0,21.4,0
2023-03-30,S1,1409.64,0,23.1,0
2023-03-31,S2,1423.29,252,29.2,0
2023-04-01,S2,1435.95,0,27.3,1
2023-04-02,S1,1646.92,0,21.6,1
2023-04-03,S2,1794.58,0,24.8,0
2023-04-04,S1,1273.22,0,23.9,0
2023-04-05,S3,1363.0,0,25.6,0
2023-04-06,S2,1318.24,0,31.6,0
2023-04-07,S1,1155.83,0,25.3,0
2023-04-08,S3,1480.56,0,33.0,1
2023-04-09,S2,1605.93,0,26.2,1
2023-04-10,S3,1695.27,0,24.8,0
2023-04-11,S1,1478.41,0,31.6,0
2023-04-12,S3,1421.79,0,29.7,0
2023-04-13,S2,1231.74,0,31.0,0
2023-04-14,S2,1386.05,0,32.6,0
2023-04-15,S1,1925.69,437,30.0,1
2023-04-16,S2,1582.99,0,30.4,1
2023-04-17,S3,1523.44,0,21.7,0
2023-04-18,S1,1721.41,0,24.3,0
2023-04-19,S2,1518.29,0,28.0,0
2023-04-20,S3,1403.38,0,27.3,0
2023-04-21,S2,1295.62,0,28.8,0
2023-04-22,S2,1470.34,0,25.2,1
2023-04-23,S1,1807.12,0,29.8,1
2023-04-24,S2,1758.0,0,32.5,0
2023-04-25,S3,1512.99,0,28.2,0
2023-04-26,S1,1446.1,0,28.9,0
2023-04-27,S1,1361.67,0,27.8,0
2023-04-28,S3,1367.89,0,29.0,0
2023-04-29,S2,1441.78,0,26.9,1
2023-04-30,S3,1795.14,0,24.7,1
2023-05-01,S3,1770.41,0,26.7,0
2023-05-02,S3,1601.97,0,26.3,0
2023-05-03,S3,1681.68,363,21.4,0
2023-05-04,S2,1773.86,455,26.6,0
2023-05-05,S2,1728.14,316,25.9,0
2023-05-06,S1,1639.2,0,26.3,1
2023-05-07,S1,1665.74,0,24.0,1
2023-05-08,S1,1844.25,0,27.0,0
2023-05-09,S3,1658.17,0,27.3,0
2023-05-10,S1,1421.11,0,23.2,0
2023-05-11,S1,1132.27,0,26.2,0
2023-05-12,S3,1323.82,0,27.5,0
2023-05-13,S1,1437.51,0,27.3,1
2023-05-14,S1,1708.38,0,22.2,1
2023-05-15,S2,1791.99,0,21.8,0
2023-05-16,S2,1797.87,0,24.8,0
2023-05-17,S3,1511.14,0,21.5,0
2023-05-18,S2,1652.56,345,31.9,0
2023-05-19,S1,1678.42,0,22.0,0
2023-05-20,S3,1627.75,0,21.9,1
2023-05-21,S1,1716.28,0,26.0,1
2023-05-22,S1,1753.5,0,22.6,0
2023-05-23,S3,,0,16.9,0
2023-05-24,S2,1589.74,0,23.3,0
2023-05-25,S2,1469.58,0,20.7,0
2023-05-26,S2,1621.83,0,21.9,0
2023-05-27,S1,1718.34,0,18.5,1
2023-05-28,S2,1838.8,0,20.5,1
2023-05-29,S1,1912.46,0,22.6,0
2023-05-30,S3,1670.3,0,22.7,0
2023-05-31,S3,1500.67,0,19.5,0
2023-06-01,S2,1442.35,0,20.5,0
2023-06-02,S1,1963.01,598,19.9,0
2023-06-03,S3,1612.01,0,22.7,1
2023-06-04,S1,1736.45,0,21.7,1
2023-06-05,S2,1867.4,0,18.3,0
2023-06-06,S2,1706.34,0,23.8,0
2023-06-07,S3,1371.42,0,19.7,0
2023-06-08,S3,1459.33,0,22.7,0
2023-06-09,S3,1626.76,0,18.7,0
2023-06-10,S1,1459.53,0,22.2,1
2023-06-11,S1,1703.36,0,20.8,1
2023-06-12,S1,1812.66,0,21.2,0
2023-06-13,S3,1588.37,0,22.3,0
2023-06-14,S3,1506.62,0,22.0,0
2023-06-15,S3,1467.29,0,21.0,0
2023-06-16,S3,1371.87,0,20.9,0
2023-06-17,S2,1666.3,0,16.5,1
2023-06-18,S1,1818.29,0,19.9,1
2023-06-19,S2,1693.94,0,13.5,0
2023-06-20,S3,1719.78,0,13.2,0
2023-06-21,S3,1663.72,0,18.7,0
2023-06-22,S2,1447.07,0,18.8,0
2023-06-23,S3,1539.88,0,23.8,0
2023-06-24,S2,1700.2,0,21.2,1
2023-06-25,S2,1757.31,0,22.3,1
2023-06-26,S2,1907.47,0,18.0,0
2023-06-27,S2,1752.94,0,20.1,0
2023-06-28,S2,1465.61,0,22.0,0
2023-06-29,S2,1511.51,0,20.0,0
2023-06-30,S3,1578.26,0,19.3,0
2023-07-01,S1,1712.66,0,18.5,1
2023-07-02,S3,1715.05,0,15.3,1
2023-07-03,S2,1853.89,0,15.2,0
2023-07-04,S2,1842.39,0,13.5,0
2023-07-05,S2,1576.8,0,18.8,0
2023-07-06,S1,1569.04,0,16.6,0
2023-07-07,S1,1613.79,0,15.3,0
2023-07-08,S2,1626.37,0,18.2,1
2023-07-09,S1,1832.12,0,15.3,1
2023-07-10,S2,1775.25,0,19.9,0
2023-07-11,S2,2321.59,516,22.3,0
2023-07-12,S1,1537.87,0,17.8,0
2023-07-13,S3,1395.37,0,14.3,0
2023-07-14,S1,1478.37,0,11.8,0
2023-07-15,S1,1613.01,0,22.0,1
2023-07-16,S1,1795.24,0,17.2,1
2023-07-17,S3,1836.14,0,12.3,0
2023-07-18,S3,1582.06,0,18.8,0
2023-07-19,S3,1472.74,0,10.5,0
2023-07-20,S3,1469.49,0,14.0,0
2023-07-21,S1,1513.76,0,14.5,0
2023-07-22,S1,1614.89,0,14.0,1
2023-07-23,S1,1995.6,0,11.5,1
2023-07-24,S1,1884.34,0,21.8,0
2023-07-25,S1,1671.25,0,13.4,0
2023-07-26,S1,1589.28,0,15.6,0
2023-07-27,S3,1792.52,245,14.4,0
2023-07-28,S1,1884.55,397,9.4,0
2023-07-29,S1,1425.35,0,12.4,1
2023-07-30,S3,1738.71,0,14.5,1
2023-07-31,S3,1766.56,0,16.5,0
2023-08-01,S1,1864.43,0,12.6,0
2023-08-02,S2,1328.44,0,14.6,0
2023-08-03,S2,1549.9,0,12.3,0
2023-08-04,S3,1420.24,0,15.0,0
2023-08-05,S2,1661.53,0,5.7,1
2023-08-06,S2,1683.25,0,14.7,1
2023-08-07,S1,1759.59,0,11.0,0
2023-08-08,S1,2229.16,479,11.0,0
2023-08-09,S1,1491.53,0,4.1,0
2023-08-10,S2,1483.31,0,9.3,0
2023-08-11,S3,1407.2,0,14.2,0
2023-08-12,S2,1513.6,0,19.1,1
2023-08-13,S2,2216.36,547,10.0,1
2023-08-14,S3,1673.96,0,10.0,0
2023-08-15,S2,1609.74,0,13.3,0
2023-08-16,S2,1896.14,305,12.6,0
2023-08-17,S1,1249.92,0,9.9,0
2023-08-18,S3,1234.79,0,11.1,0
2023-08-19,S2,1528.19,0,10.3,1
2023-08-20,S3,1827.37,0,13.2,1
2023-08-21,S2,1798.15,0,13.6,0
2023-08-22,S3,1723.57,0,16.4,0
2023-08-23,S1,1557.09,0,13.8,0
2023-08-24,S1,1268.18,0,12.9,0
2023-08-25,S2,1380.0,0,11.3,0
2023-08-26,S1,1571.19,318,13.6,1
2023-08-27,S3,1585.27,0,7.7,1
2023-08-28,S3,1732.09,0,17.0,0
2023-08-29,S1,1425.52,0,11.3,0
2023-08-30,S3,1440.88,223,14.6,0
2023-08-31,S3,1189.26,0,8.0,0
2023-09-01,S2,1364.65,0,13.3,0
2023-09-02,S2,1591.97,0,11.4,1
2023-09-03,S3,1863.99,0,9.5,1
2023-09-04,S3,1785.37,0,8.0,0
2023-09-05,S1,1404.48,0,7.3,0
2023-09-06,S3,1168.26,0,15.3,0
2023-09-07,S3,1302.0,0,13.5,0
2023-09-08,S1,1419.61,0,10.1,0
2023-09-09,S3,1302.39,0,10.3,1
2023-09-10,S3,1543.64,0,7.5,1
2023-09-11,S3,1581.76,0,4.1,0
2023-09-12,S1,1526.81,0,4.2,0
2023-09-13,S3,1675.77,329,7.7,0
2023-09-14,S2,1488.98,177,9.0,0
2023-09-15,S1,1394.63,0,5.9,0
2023-09-16,S3,1438.16,0,11.7,1
2023-09-17,S2,1639.82,0,10.8,1
2023-09-18,S2,1789.11,0,9.7,0
2023-09-19,S1,1401.73,0,4.0,0
2023-09-20,S2,1239.54,0,8.6,0
2023-09-21,S2,1286.55,0,9.1,0
2023-09-22,S3,1445.39,0,5.4,0
2023-09-23,S2,1422.52,0,2.6,1
2023-09-24,S1,1647.74,0,14.8,1
2023-09-25,S2,1545.91,0,10.9,0
2023-09-26,S2,1561.37,0,7.9,0
2023-09-27,S3,1255.2,0,13.8,0
2023-09-28,S1,1278.04,0,12.3,0
2023-09-29,S1,1282.91,0,10.4,0
2023-09-30,S2,1420.23,0,9.7,1
2023-10-01,S1,1650.97,0,11.3,1
2023-10-02,S3,1653.13,0,13.4,0
2023-10-03,S3,1394.18,0,9.2,0
2023-10-04,S1,1375.78,0,8.3,0
2023-10-05,S2,1029.71,0,10.8,0
2023-10-06,S2,1316.73,0,0.6,0
2023-10-07,S3,1621.64,0,9.3,1
2023-10-08,S2,1956.51,408,7.8,1
2023-10-09,S1,1578.1,0,9.0,0
2023-10-10,S2,1435.52,0,8.5,0
2023-10-11,S1,1349.44,0,10.1,0
2023-10-12,S3,1127.27,0,9.4,0
2023-10-13,S3,1265.81,0,9.4,0
2023-10-14,S2,1314.17,0,8.8,1
2023-10-15,S1,1437.62,0,10.6,1
2023-10-16,S3,1521.73,0,7.7,0
2023-10-17,S1,1404.11,0,12.2,0
2023-10-18,S1,1086.01,0,4.3,0
2023-10-19,S1,1348.1,0,10.0,0
2023-10-20,S2,1196.22,0,10.8,0
2023-10-21,S3,1159.91,0,5.7,1
2023-10-22,S1,1561.5,0,8.2,1
2023-10-23,S2,1488.59,0,13.5,0
2023-10-24,S3,1410.78,0,9.2,0
2023-10-25,S3,1299.83,0,7.0,0
2023-10-26,S2,1047.77,0,0.8,0
2023-10-27,S1,885.49,0,10.8,0
2023-10-28,S1,1294.03,0,10.2,1
2023-10-29,S2,1464.94,0,11.8,1
2023-10-30,S2,1569.7,0,16.2,0
2023-10-31,S2,1302.95,0,10.1,0
2023-11-01,S1,1191.18,0,10.6,0
2023-11-02,S1,1154.98,0,8.2,0
2023-11-03,S3,1119.73,0,10.1,0
2023-11-04,S3,1264.85,0,10.3,1
2023-11-05,S3,1451.59,0,12.7,1
2023-11-06,S1,1365.67,0,12.2,0
2023-11-07,S3,1511.61,0,8.4,0
2023-11-08,S3,1115.58,0,9.3,0
2023-11-09,S2,1107.57,0,15.0,0
2023-11-10,S3,1105.99,0,8.1,0
2023-11-11,S1,1209.23,0,13.3,1
2023-11-12,S2,1466.58,0,16.0,1
2023-11-13,S2,1545.15,0,13.2,0
2023-11-14,S2,1488.67,0,12.1,0
2023-11-15,S2,1248.18,0,15.5,0
2023-11-16,S3,1051.71,0,12.6,0
2023-11-17,S2,1209.87,0,11.6,0
2023-11-18,S3,1130.34,0,11.2,1
2023-11-19,S1,1991.94,580,15.3,1
2023-11-20,S1,1490.71,0,14.1,0
2023-11-21,S2,1396.39,0,16.7,0
2023-11-22,S3,1076.29,0,11.2,0
2023-11-23,S1,945.21,0,11.4,0
2023-11-24,S2,1279.35,0,11.2,0
2023-11-25,S1,1212.96,0,13.4,1
2023-11-26,S3,1691.19,446,10.6,1
2023-11-27,S3,1318.15,0,15.6,0
2023-11-28,S2,1339.32,0,14.0,0
2023-11-29,S2,1293.56,0,10.2,0
2023-11-30,S2,1083.49,0,4.3,0
2023-12-01,S3,1232.31,0,7.9,0
2023-12-02,S3,1280.34,0,17.8,1
2023-12-03,S3,1444.3,0,13.4,1
2023-12-04,S3,1527.76,0,14.2,0
2023-12-05,S2,1301.21,0,12.6,0
2023-12-06,S3,1209.04,0,15.2,0
2023-12-07,S1,1046.91,0,8.4,0
2023-12-08,S2,1058.32,0,8.3,0
2023-12-09,S3,1322.33,0,9.5,1
2023-12-10,S2,1323.18,0,14.8,1
2023-12-11,S1,1444.11,0,16.9,0
2023-12-12,S3,1264.59,0,16.3,0
2023-12-13,S1,1175.78,0,14.7,0
2023-12-14,S1,1037.53,0,11.3,0
2023-12-15,S2,,0,17.7,0
2023-12-16,S3,1272.39,0,14.6,1
2023-12-17,S1,1413.87,0,15.6,1
2023-12-18,S3,1598.9,0,15.5,0
2023-12-19,S3,1070.9,0,14.5,0
2023-12-20,S2,1084.67,0,13.9,0
2023-12-21,S1,834.06,0,14.4,0
2023-12-22,S1,1129.7,0,12.5,0
2023-12-23,S1,1314.1,0,17.3,1
2023-12-24,S2,1914.79,439,16.2,1
2023-12-25,S3,1476.44,0,19.9,0
2023-12-26,S3,1272.34,0,11.5,0
2023-12-27,S3,1853.23,486,20.7,0
2023-12-28,S1,1134.08,0,17.1,0
2023-12-29,S3,1116.95,0,17.0,0
2023-12-30,S2,1177.9,0,15.2,1
2023-12-31,S3,1467.12,0,15.3,1
2024-01-01,S1,1417.37,0,13.4,0
2024-01-02,S3,1326.09,0,20.8,0
2024-01-03,S1,1234.56,0,17.6,0
2024-01-04,S3,1140.55,0,20.5,0
2024-01-05,S1,1079.04,0,21.0,0
2024-01-06,S3,1419.33,0,17.2,1
2024-01-07,S2,1348.37,0,18.1,1
2024-01-08,S3,1374.87,0,18.0,0
2024-01-09,S1,1415.56,0,22.2,0
2024-01-10,S3,1245.0,0,19.7,0
2024-01-11,S2,1145.02,0,20.0,0
2024-01-12,S1,1343.96,207,21.8,0
2024-01-13,S1,1323.82,0,19.5,1
2024-01-14,S1,1410.11,0,26.0,1
2024-01-15,S1,1344.89,0,17.3,0
2024-01-16,S2,1477.21,0,24.0,0
2024-01-17,S3,1158.19,0,24.6,0
2024-01-18,S1,1138.68,0,17.1,0
2024-01-19,S3,1268.06,0,23.3,0
2024-01-20,S3,1345.12,0,21.7,1
2024-01-21,S1,2124.62,377,23.6,1
2024-01-22,S1,1392.52,0,17.5,0
2024-01-23,S3,1668.65,308,22.0,0
2024-01-24,S1,1680.64,393,18.5,0
2024-01-25,S3,1314.51,0,20.5,0
2024-01-26,S1,1200.6,0,25.9,0
2024-01-27,S2,1232.82,0,21.4,1
2024-01-28,S2,1622.1,0,15.2,1
2024-01-29,S3,1464.66,0,17.9,0
2024-01-30,S3,1440.03,0,18.8,0
2024-01-31,S3,1390.49,0,25.4,0
2024-02-01,S1,1149.89,0,20.4,0
2024-02-02,S1,1718.51,509,18.0,0
2024-02-03,S3,1443.71,0,26.1,1
2024-02-04,S2,1523.03,0,23.7,1
2024-02-05,S3,1608.68,0,24.1,0
2024-02-06,S1,1910.52,512,20.8,0
2024-02-07,S1,1325.33,0,27.6,0
2024-02-08,S2,1139.97,0,23.0,0
2024-02-09,S3,1134.97,0,17.6,0
2024-02-10,S3,2091.98,497,20.2,1
2024-02-11,S2,1616.65,0,21.2,1
2024-02-12,S2,1699.93,0,23.4,0
2024-02-13,S1,1428.17,0,26.3,0
2024-02-14,S2,1365.88,0,21.9,0
2024-02-15,S3,1256.43,0,22.4,0
2024-02-16,S2,1180.5,0,31.0,0
2024-02-17,S1,1512.92,0,24.7,1
2024-02-18,S3,1537.99,0,23.0,1
2024-02-19,S2,1626.94,0,24.8,0
2024-02-20,S2,1409.59,0,21.0,0
2024-02-21,S1,1496.77,0,26.5,0
2024-02-22,S2,1382.14,0,27.9,0
2024-02-23,S2,1387.03,0,23.3,0
2024-02-24,S1,1409.11,0,28.2,1
2024-02-25,S1,1590.05,0,24.4,1
2024-02-26,S2,1797.13,0,26.2,0
2024-02-27,S2,1562.44,0,23.2,0
2024-02-28,S1,1462.98,0,23.1,0
2024-02-29,S2,1358.7,0,21.1,0
2024-03-01,S2,1278.94,0,26.3,0
2024-03-02,S2,1675.87,0,24.9,1
2024-03-03,S1,1488.47,0,25.1,1
2024-03-04,S2,1738.13,0,22.5,0
2024-03-05,S2,,461,22.5,0
2024-03-06,S3,1319.91,0,24.2,0
2024-03-07,S1,1412.94,0,27.5,0
2024-03-08,S3,1470.76,0,27.1,0
2024-03-09,S2,1572.17,0,24.2,1
2024-03-10,S1,1634.55,0,27.2,1
2024-03-11,S1,2342.89,547,31.6,0
2024-03-12,S3,1766.85,0,26.7,0
2024-03-13,S3,1530.96,0,32.5,0
2024-03-14,S3,1581.53,0,27.8,0
2024-03-15,S1,1539.33,0,30.6,0
2024-03-16,S3,1676.74,0,25.0,1
2024-03-17,S1,1881.64,0,30.2,1
2024-03-18,S2,1726.67,0,23.2,0
2024-03-19,S2,1647.76,0,27.5,0
2024-03-20,S3,1595.22,0,25.8,0
2024-03-21,S3,1503.34,0,20.8,0
2024-03-22,S2,1637.28,0,22.7,0
2024-03-23,S1,1748.6,0,30.3,1
2024-03-24,S2,1802.31,0,28.4,1
2024-03-25,S1,1846.32,0,30.8,0
2024-03-26,S2,1707.16,0,27.5,0
2024-03-27,S3,1547.61,0,18.2,0
2024-03-28,S2,1447.09,0,27.7,0
2024-03-29,S1,1615.74,0,25.3,0
2024-03-30,S3,1630.93,0,25.5,1
2024-03-31,S1,1787.74,0,25.6,1
2024-04-01,S2,1876.37,0,24.7,0
2024-04-02,S3,1720.18,0,24.1,0
2024-04-03,S3,1595.96,0,30.7,0
2024-04-04,S1,1317.94,0,28.3,0
2024-04-05,S2,1600.56,0,25.0,0
2024-04-06,S2,1681.74,0,25.7,1
2024-04-07,S1,1874.68,0,29.9,1
2024-04-08,S3,1931.17,0,28.1,0
2024-04-09,S1,1627.5,0,27.5,0
2024-04-10,S1,1880.88,0,23.2,0
2024-04-11,S2,1575.68,0,25.6,0
2024-04-12,S2,1617.68,0,23.4,0
2024-04-13,S2,1577.27,0,21.1,1
2024-04-14,S1,1952.06,0,29.5,1
2024-04-15,S3,2401.2,429,25.8,0
2024-04-16,S2,1806.73,0,25.5,0
2024-04-17,S2,1713.47,0,23.8,0
2024-04-18,S1,1719.57,0,28.9,0
2024-04-19,S1,1605.73,0,32.9,0
2024-04-20,S2,1697.34,0,28.3,1
2024-04-21,S1,2055.21,0,29.3,1
2024-04-22,S2,2446.37,453,22.7,0
2024-04-23,S2,1858.4,0,26.9,0
2024-04-24,S3,1941.97,0,27.0,0
2024-04-25,S3,1645.33,0,30.7,0
2024-04-26,S2,1652.49,0,26.2,0
2024-04-27,S3,1838.91,0,23.3,1
2024-04-28,S2,2244.02,324,25.9,1
2024-04-29,S2,2016.96,0,24.7,0
2024-04-30,S2,1917.02,0,30.3,0
2024-05-01,S1,1687.84,0,27.9,0
2024-05-02,S1,1631.55,0,26.8,0
2024-05-03,S2,1723.76,0,26.2,0
2024-05-04,S3,1874.68,0,28.2,1
2024-05-05,S1,2037.64,0,24.1,1
2024-05-06,S2,2094.81,0,22.7,0
2024-05-07,S1,1949.62,0,19.7,0
2024-05-08,S2,1821.93,0,28.8,0
2024-05-09,S3,1642.26,0,26.7,0
2024-05-10,S3,1691.67,0,27.0,0
2024-05-11,S2,1958.24,0,25.1,1
2024-05-12,S1,1815.39,0,29.9,1
2024-05-13,S3,2075.59,0,21.9,0
2024-05-14,S2,2245.87,0,28.3,0
2024-05-15,S3,1615.87,0,22.1,0
2024-05-16,S2,1839.18,0,23.1,0
2024-05-17,S1,1566.67,0,20.7,0
2024-05-18,S3,1910.68,0,24.5,1
2024-05-19,S1,2173.18,0,23.3,1
2024-05-20,S2,2196.73,0,25.3,0
2024-05-21,S2,1873.74,0,22.2,0
2024-05-22,S3,1681.94,0,19.6,0
2024-05-23,S2,1573.22,0,25.4,0
2024-05-24,S2,1814.32,0,27.4,0
2024-05-25,S2,1851.47,0,25.6,1
2024-05-26,S2,2031.49,0,23.1,1
2024-05-27,S2,2091.83,0,24.4,0
2024-05-28,S3,2010.4,0,18.0,0
2024-05-29,S1,2442.57,575,21.9,0
2024-05-30,S3,1732.51,0,26.3,0
2024-05-31,S1,1604.36,0,24.0,0
2024-06-01,S2,2037.26,0,20.0,1
2024-06-02,S2,1780.08,0,25.0,1
2024-06-03,S2,2194.37,0,21.9,0
2024-06-04,S2,2277.45,354,24.3,0
2024-06-05,S3,1806.84,0,17.8,0
2024-06-06,S1,1679.6,0,20.3,0
2024-06-07,S3,1729.8,0,22.7,0
2024-06-08,S1,1904.46,0,22.5,1
2024-06-09,S2,2021.46,0,23.1,1
2024-06-10,S1,1979.24,0,21.2,0
2024-06-11,S3,2067.51,0,20.5,0
2024-06-12,S3,1776.13,0,22.4,0
2024-06-13,S3,1861.94,0,23.4,0
2024-06-14,S3,1755.05,0,16.1,0
2024-06-15,S2,2166.65,323,19.6,1
2024-06-16,S2,2093.25,0,19.8,1
2024-06-17,S1,2171.13,0,20.7,0
2024-06-18,S1,2249.78,348,23.1,0
